player,next_year_signed,Actual_APY,Pred_APY,Actual_Years,Pred_Years,Actual_Guar,Pred_Guar,APY_Error,position
Joe Burrow,2023,73.69,52.56,5,4.4,146.51,46.69,-21.13,QB
Dak Prescott,2024,70.76,44.54,4,2.9,129.0,38.16,-26.22,QB
Justin Herbert,2023,70.34,36.59,5,3.8,133.74,30.51,-33.75,QB
Lamar Jackson,2023,69.67,6.62,5,3.1,135.0,3.68,-63.05,QB
Jalen Hurts,2023,68.33,50.9,5,3.9,110.0,14.39,-17.43,QB
Jordan Love,2024,64.86,41.93,4,2.9,100.8,41.18,-22.93,QB
Trevor Lawrence,2024,64.86,35.95,5,3.7,142.0,27.59,-28.91,QB
Tua Tagovailoa,2024,62.62,36.68,4,2.8,93.17,44.57,-25.94,QB
Jared Goff,2024,62.5,59.28,4,2.3,113.61,29.14,-3.22,QB
Josh Allen,2025,59.33,77.23,6,4.3,147.0,53.72,17.9,QB
Brock Purdy,2025,57.18,29.87,5,3.0,100.0,18.17,-27.31,QB
Daniel Jones,2023,53.59,11.25,4,2.6,81.0,7.44,-42.34,QB
Kirk Cousins,2024,53.07,36.93,4,2.0,90.0,14.07,-16.14,QB
Aaron Rodgers,2023,50.24,37.78,3,2.6,75.0,33.83,-12.46,QB
Derek Carr,2023,50.24,32.14,4,1.6,60.0,40.67,-18.1,QB
Daniel Jones,2026,44.0,22.35,2,2.1,49.49,9.36,-21.65,QB
Matt Stafford,2025,43.15,54.64,2,2.3,40.0,72.45,11.49,QB
Geno Smith,2025,40.45,39.08,2,2.6,58.5,26.15,-1.37,QB
Baker Mayfield,2024,39.31,33.34,3,3.0,40.0,16.21,-5.97,QB
Sam Darnold,2025,36.14,39.56,3,3.8,37.5,32.93,3.42,QB
Geno Smith,2023,33.5,34.23,3,3.4,27.3,21.07,0.73,QB
Jimmy Garoppolo,2023,32.49,17.87,3,1.6,33.75,10.16,-14.62,QB
Malik Willis,2026,22.5,11.38,3,3.4,45.0,6.6,-11.12,QB
Justin Fields,2025,21.58,7.15,2,2.3,30.0,3.65,-14.43,QB
Jordan Love,2023,18.09,3.18,1,1.7,13.0,1.62,-14.91,QB
Daniel Jones,2025,15.1,4.58,1,1.5,13.15,2.44,-10.52,QB
Gardner Minshew,2024,14.74,11.47,2,1.6,15.0,5.23,-3.27,QB
Aaron Rodgers,2025,14.73,28.32,1,1.7,10.0,10.44,13.59,QB
Sam Darnold,2024,11.79,5.98,1,1.5,8.75,1.52,-5.81,QB
Russell Wilson,2025,11.33,13.65,1,2.0,10.0,7.72,2.32,QB
Jacoby Brissett,2023,10.72,12.15,1,1.6,7.5,3.82,1.43,QB
Jacoby Brissett,2024,9.43,8.64,1,2.0,6.5,5.82,-0.79,QB
Taylor Heinicke,2023,9.38,19.21,2,1.7,6.32,10.26,9.83,QB
Marcus Mariota,2025,8.63,10.66,1,1.8,7.39,4.78,2.03,QB
Davis Mills,2025,7.55,2.72,1,1.2,10.25,0.32,-4.83,QB
Mitchell Trubisky,2023,7.54,10.85,2,1.8,6.92,9.32,3.31,QB
Tyrod Taylor,2024,7.08,11.76,2,1.7,8.5,3.54,4.68,QB
Marcus Mariota,2024,7.08,4.69,1,1.2,5.39,2.61,-2.39,QB
Marcus Mariota,2026,7.0,18.5,1,1.9,6.39,15.72,11.5,QB
Jacoby Brissett,2025,6.74,4.37,2,1.2,6.5,3.54,-2.37,QB
Andy Dalton,2023,6.7,16.99,2,1.1,8.0,12.85,10.29,QB
Marcus Mariota,2023,6.7,20.81,1,2.7,5.0,6.3,14.11,QB
Jarrett Stidham,2023,6.7,4.0,2,2.0,5.0,1.08,-2.7,QB
Zach Wilson,2025,6.47,5.92,1,2.0,6.0,2.15,-0.55,QB
Jarrett Stidham,2025,6.47,3.96,2,1.5,6.99,1.29,-2.51,QB
Sam Darnold,2023,6.03,2.36,1,1.4,3.5,1.1,-3.67,QB
Joe Flacco,2026,6.0,6.62,1,1.0,4.0,2.69,0.62,QB
Drew Lock,2024,5.9,4.06,1,1.5,4.95,1.24,-1.84,QB
Gardner Minshew,2026,5.75,1.16,1,1.0,5.14,-0.03,-4.59,QB
Tyson Bagent,2025,5.39,1.8,2,1.5,2.53,0.54,-3.59,QB
Jameis Winston,2023,5.36,7.78,1,1.6,4.0,1.34,2.42,QB
Drew Lock,2023,5.36,5.63,1,1.8,1.75,3.17,0.27,QB
Baker Mayfield,2023,5.36,8.18,1,1.3,4.0,2.74,2.82,QB
Mike White,2023,5.36,5.05,2,1.3,4.5,0.64,-0.31,QB
Joe Flacco,2024,5.31,3.56,1,1.4,4.5,2.25,-1.75,QB
Mitchell Trubisky,2026,5.25,7.2,2,1.8,6.82,3.89,1.95,QB
Davis Mills,2024,4.79,8.43,2,1.5,6.32,0.47,3.64,QB
Jameis Winston,2024,4.72,3.66,1,1.2,4.0,2.61,-1.06,QB
Gardner Minshew,2023,4.69,3.25,1,2.2,3.5,0.77,-1.44,QB
Joe Flacco,2025,4.58,10.57,1,1.6,3.0,8.58,5.99,QB
Andy Dalton,2025,4.32,5.11,2,1.3,6.0,2.24,0.79,QB
Joshua Dobbs,2025,4.32,3.86,2,1.5,3.8,1.19,-0.46,QB
Jameis Winston,2025,4.32,10.19,2,1.3,5.25,4.02,5.87,QB
Case Keenum,2023,4.19,3.93,2,1.2,4.0,3.0,-0.26,QB
Mason Rudolph,2025,4.05,11.2,2,2.0,3.0,7.63,7.15,QB
Teddy Bridgewater,2023,4.02,5.2,1,1.3,2.55,4.6,1.18,QB
Kenny Pickett,2026,4.0,2.96,1,1.8,4.0,0.47,-1.04,QB
Mac Jones,2025,3.78,8.57,2,2.2,4.75,7.19,4.79,QB
Jimmy Garoppolo,2024,3.75,7.48,1,1.8,3.18,13.03,3.73,QB
Tyler Huntley,2023,3.52,1.38,1,1.4,0.0,0.15,-2.14,QB
Andy Dalton,2026,3.5,2.96,1,1.1,3.5,0.98,-0.54,QB
Mason Rudolph,2024,3.38,3.07,1,1.6,2.7,0.4,-0.31,QB
Cooper Rush,2023,3.35,1.72,2,1.2,2.75,0.29,-1.63,QB
Cooper Rush,2025,3.34,11.41,2,1.6,4.0,3.71,8.07,QB
Geno Smith,2026,3.3,6.86,1,1.8,3.3,4.81,3.56,QB
Jimmy Garoppolo,2025,3.24,4.57,1,1.2,3.0,1.41,1.33,QB
Easton Stick,2024,3.15,3.52,1,1.3,1.41,2.18,0.37,QB
Mitchell Trubisky,2024,3.1,5.5,2,1.4,2.71,2.44,2.4,QB
Brian Hoyer,2023,3.01,2.37,2,1.4,4.2,1.28,-0.64,QB
C.J. Beathard,2023,3.01,2.55,2,1.3,2.0,1.1,-0.46,QB
Kyle Trask,2025,3.01,10.4,1,3.5,1.34,7.7,7.39,QB
Carson Wentz,2026,3.0,6.57,1,1.6,2.64,2.82,3.57,QB
Taylor Heinicke,2024,2.98,9.81,1,1.7,1.32,4.82,6.83,QB
Carson Wentz,2024,2.95,5.02,1,1.7,2.2,2.78,2.07,QB
Joe Flacco,2023,2.95,3.02,1,1.3,0.4,2.47,0.07,QB
Drew Lock,2025,2.7,5.68,2,1.5,2.25,4.08,2.98,QB
Taylor Heinicke,2025,2.7,2.15,1,1.1,2.0,1.87,-0.55,QB
Phillip Walker,2023,2.68,1.71,2,1.1,2.01,0.3,-0.97,QB
Joshua Dobbs,2023,2.68,2.21,1,1.0,2.0,0.38,-0.47,QB
Nick Mullens,2023,2.68,3.78,2,1.6,1.92,2.35,1.1,QB
Joshua Dobbs,2024,2.65,6.33,1,1.5,2.25,4.34,3.68,QB
Sam Howell,2026,2.5,4.89,1,1.9,2.5,3.21,2.39,QB
Tyler Huntley,2026,2.5,3.14,2,1.8,3.5,1.46,0.64,QB
Trey Lance,2026,2.5,3.14,1,1.3,2.0,1.49,0.64,QB
Case Keenum,2025,2.43,2.5,1,1.1,2.15,0.43,0.07,QB
Nick Mullens,2025,2.43,1.19,2,1.7,3.0,0.44,-1.24,QB
Easton Stick,2023,2.41,1.83,1,1.2,1.15,0.2,-0.58,QB
Nick Mullens,2024,2.24,5.42,1,2.0,0.0,2.64,3.18,QB
Trey Lance,2025,2.16,5.49,1,1.7,1.5,1.37,3.33,QB
Nate Sudfeld,2023,2.14,2.64,1,1.2,1.0,1.32,0.5,QB
Kyle Allen,2026,2.05,1.3,2,1.2,1.8,0.22,-0.75,QB
Josh Johnson,2023,1.77,1.36,1,1.1,0.15,0.47,-0.41,QB
Trevor Siemian,2023,1.77,2.55,1,1.2,0.15,0.51,0.78,QB
Blaine Gabbert,2023,1.77,3.18,1,1.6,1.09,0.74,1.41,QB
Carson Wentz,2023,1.76,14.38,1,2.6,0.15,9.75,12.62,QB
Kyle Allen,2023,1.65,2.53,1,1.1,0.35,0.61,0.88,QB
Nathan Peterman,2023,1.65,1.47,1,1.0,0.15,0.15,-0.18,QB
David Blough,2023,1.65,2.55,1,1.2,0.08,0.02,0.9,QB
Brandon Allen,2023,1.65,1.52,1,1.2,0.2,0.18,-0.13,QB
Tim Boyle,2023,1.55,1.13,1,1.0,0.08,0.05,-0.42,QB
Feleipe Franks,2025,1.55,1.46,1,1.1,0.2,-0.0,-0.09,QB
C.J. Beathard,2024,1.54,3.4,1,1.6,0.1,3.09,1.86,QB
Josh Johnson,2025,1.53,2.85,1,1.2,0.04,2.38,1.32,QB
Brandon Allen,2025,1.53,1.39,1,1.0,1.0,0.18,-0.14,QB
Carson Wentz,2025,1.53,3.63,1,1.2,0.17,2.94,2.1,QB
Jeff Driskel,2023,1.53,2.63,1,1.3,0.06,0.97,1.1,QB
Tyler Huntley,2024,1.52,3.72,1,1.5,0.47,1.54,2.2,QB
Kyle Allen,2024,1.52,3.06,1,1.5,0.17,0.7,1.54,QB
Nathan Peterman,2024,1.52,2.45,1,1.1,0.08,0.48,0.93,QB
Josh Johnson,2026,1.5,1.89,1,1.2,0.2,0.92,0.39,QB
Mason Rudolph,2023,1.45,4.1,1,1.2,0.0,4.04,2.65,QB
Trace McSorley,2023,1.45,2.03,1,1.2,0.0,0.43,0.58,QB
Brett Rypien,2023,1.45,1.2,1,1.0,0.0,0.1,-0.25,QB
Sam Ehlinger,2025,1.44,0.71,1,1.3,0.47,0.5,-0.73,QB
Russell Wilson,2024,1.43,31.35,1,2.8,1.21,20.0,29.92,QB
Teddy Bridgewater,2024,1.43,4.52,1,1.2,0.0,2.91,3.09,QB
Zach Wilson,2026,1.4,3.15,1,1.2,0.6,1.86,1.75,QB
Mike White,2024,1.37,1.64,2,1.5,0.0,1.13,0.27,QB
Kyle Allen,2025,1.37,0.89,1,1.4,0.1,0.24,-0.48,QB
Tim Boyle,2024,1.36,0.77,1,1.1,0.0,-0.02,-0.59,QB
Jeff Driskel,2024,1.36,0.88,1,1.1,0.15,0.05,-0.48,QB
Philip Rivers,2025,1.35,36.35,1,1.4,0.0,17.91,35.0,QB
Phillip Walker,2024,1.35,1.88,1,1.2,0.0,0.33,0.53,QB
Chris Streveler,2023,1.35,1.42,1,1.0,0.0,0.26,0.07,QB
John Wolford,2023,1.35,0.99,1,1.0,0.0,-0.05,-0.36,QB
Tim Boyle,2025,1.35,1.23,1,1.1,0.0,0.04,-0.12,QB
Logan Woodside,2024,1.33,0.93,1,1.3,0.0,0.15,-0.4,QB
Brett Rypien,2024,1.33,0.93,1,1.1,0.0,-0.03,-0.4,QB
Daniel Jones,2024,1.33,8.39,1,2.4,0.0,2.94,7.06,QB
Jake Browning,2026,1.33,1.48,1,1.5,0.4,0.15,0.15,QB
Bailey Zappe,2023,1.32,1.17,3,1.4,0.0,0.32,-0.15,QB
Kyler Murray,2026,1.3,39.83,1,3.1,0.0,10.58,38.53,QB
Tyler Huntley,2025,1.26,1.81,1,1.2,0.0,0.27,0.55,QB
Mike White,2025,1.26,0.84,1,1.1,0.0,-0.0,-0.42,QB
Jacob Eason,2023,1.26,1.03,1,1.2,0.0,-0.04,-0.23,QB
Gardner Minshew,2025,1.26,7.28,1,1.2,0.0,1.19,6.02,QB
Desmond Ridder,2025,1.25,1.57,2,1.1,0.0,0.07,0.32,QB
Tua Tagovailoa,2026,1.22,33.4,1,2.2,0.0,22.96,32.18,QB
Bailey Zappe,2025,1.19,1.12,1,1.1,0.4,-0.02,-0.07,QB
Skylar Thompson,2025,1.19,1.39,1,1.3,0.0,0.33,0.2,QB
Clayton Tune,2025,1.17,3.32,2,1.3,0.0,0.43,2.15,QB
Bailey Zappe,2024,1.16,1.66,1,1.1,0.0,0.44,0.5,QB
Feleipe Franks,2024,1.16,2.46,1,1.4,0.0,0.05,1.3,QB
Desmond Ridder,2024,1.16,6.48,1,1.6,0.0,1.75,5.32,QB
Jake Browning,2024,1.15,8.67,2,1.9,0.0,1.85,7.52,QB
Shane Buechele,2026,1.15,1.69,1,1.1,0.05,0.18,0.54,QB
Jaren Hall,2024,1.15,1.21,2,1.1,0.0,-0.03,0.06,QB
Bryce Perkins,2025,1.11,1.41,1,1.1,0.0,0.42,0.3,QB
Jake Haener,2025,1.11,2.27,1,1.2,0.0,0.4,1.16,QB
Sean Clifford,2024,1.11,1.75,2,1.4,0.0,0.47,0.64,QB
Hendon Hooker,2025,1.11,3.3,1,1.3,0.0,0.65,2.19,QB
Tommy DeVito,2025,1.11,3.27,1,1.1,0.0,0.13,2.16,QB
Chris Oladokun,2025,1.0,1.9,2,1.2,0.0,0.27,0.9,QB
Adrian Martinez,2026,1.0,1.57,1,1.2,0.0,0.01,0.57,QB
Malik Cunningham,2026,1.0,1.46,1,1.1,0.0,-0.01,0.46,QB
Trevor Siemian,2024,0.36,1.87,1,1.3,0.0,0.43,1.51,QB
Kellen Mond,2023,0.29,2.2,1,1.4,0.0,0.32,1.91,QB
Anthony Brown,2023,0.29,0.97,1,1.0,0.0,-0.02,0.68,QB
Ian Book,2023,0.29,0.88,1,1.1,0.0,0.01,0.59,QB
Skylar Thompson,2024,0.27,1.88,1,1.4,0.0,0.72,1.61,QB
Malik Cunningham,2024,0.27,1.45,1,1.0,0.0,0.17,1.18,QB
Brandon Allen,2026,0.0,1.32,1,1.0,0.0,-0.08,1.32,QB
Kirk Cousins,2026,0.0,25.42,3,2.6,0.0,9.68,25.42,QB
Teddy Bridgewater,2026,0.0,1.61,1,1.1,0.0,0.31,1.61,QB
Ja'Marr Chase,2025,43.42,41.27,4,3.3,73.9,54.64,-2.15,WR
Jaxon Smith-Njigba,2026,42.15,25.24,4,3.6,69.13,25.31,-16.91,WR
Justin Jefferson,2024,41.28,36.14,4,3.8,88.74,51.38,-5.14,WR
CeeDee Lamb,2024,40.1,36.75,4,4.4,67.0,39.34,-3.35,WR
A.J. Brown,2024,37.74,31.46,3,3.2,51.0,37.45,-6.28,WR
D.K. Metcalf,2025,35.6,19.41,4,2.2,60.0,16.1,-16.19,WR
Tyreek Hill,2024,35.38,22.28,3,3.3,54.0,26.97,-13.1,WR
Amon-Ra St. Brown,2024,35.38,32.88,4,3.5,34.67,26.96,-2.5,WR
Brandon Aiyuk,2024,35.38,33.81,4,3.7,45.0,38.5,-1.57,WR
Garrett Wilson,2025,35.06,29.19,4,3.3,38.32,30.18,-5.87,WR
Jaylen Waddle,2024,33.32,17.16,3,3.1,35.98,21.87,-16.16,WR
D.J. Moore,2024,32.43,26.52,4,3.1,43.65,21.02,-5.91,WR
Terry McLaurin,2025,31.29,31.46,3,3.2,44.65,29.66,0.17,WR
Tee Higgins,2025,31.02,13.45,4,2.8,30.0,11.73,-17.57,WR
DeVonta Smith,2024,29.48,33.32,3,3.6,34.0,34.84,3.84,WR
Jameson Williams,2025,28.77,3.34,3,1.6,30.58,2.79,-25.43,WR
Nico Collins,2024,28.6,21.2,3,3.0,32.12,5.63,-7.4,WR
Alec Pierce,2026,28.5,24.25,4,2.7,60.0,21.36,-4.25,WR
"Michael Pittman, Jr.",2024,27.52,23.66,3,3.1,41.0,28.69,-3.86,WR
George Pickens,2026,27.3,34.98,1,3.4,0.0,28.83,7.68,WR
Calvin Ridley,2024,27.12,8.49,4,2.5,46.98,3.66,-18.63,WR
Stefon Diggs,2024,26.56,16.92,1,2.8,22.02,19.57,-9.64,WR
Tee Higgins,2024,25.73,21.05,1,2.7,21.82,13.06,-4.68,WR
Courtland Sutton,2025,24.81,13.24,4,2.7,40.0,8.82,-11.57,WR
Mike Evans,2024,24.18,31.02,2,2.6,29.0,29.03,6.84,WR
Chris Godwin,2025,23.73,11.03,3,1.9,44.0,4.67,-12.7,WR
Davante Adams,2025,23.73,32.13,2,3.1,26.0,29.99,8.4,WR
Stefon Diggs,2025,22.83,8.0,3,1.3,16.6,4.65,-14.83,WR
Jakobi Meyers,2025,21.58,14.13,3,2.6,30.0,8.82,-7.45,WR
Jerry Jeudy,2024,20.64,15.09,3,2.3,41.0,14.73,-5.55,WR
Odell Beckham Jr.,2023,20.1,4.72,1,1.2,15.0,1.39,-15.38,WR
Tyler Lockett,2024,17.69,15.73,2,3.0,12.66,14.9,-1.96,WR
Calvin Ridley,2026,17.62,13.53,2,1.3,12.49,4.78,-4.09,WR
Wan'Dale Robinson,2026,17.5,21.61,4,3.1,38.0,22.67,4.11,WR
"Michael Pittman, Jr.",2026,17.5,9.36,2,1.9,24.0,5.34,-8.14,WR
DeAndre Hopkins,2023,17.42,8.93,2,1.7,10.98,7.59,-8.49,WR
Romeo Doubs,2026,17.0,14.13,4,2.5,35.0,11.9,-2.87,WR
Rashid Shaheed,2026,17.0,5.68,3,1.5,23.0,2.16,-11.32,WR
Courtland Sutton,2024,16.22,8.99,2,2.4,0.0,8.89,-7.23,WR
Cooper Kupp,2025,16.18,9.17,3,1.6,17.5,11.78,-7.01,WR
Gabriel Davis,2024,15.33,16.5,3,1.9,24.0,13.6,1.17,WR
Darnell Mooney,2024,15.33,5.13,3,1.5,26.0,5.21,-10.2,WR
Allen Lazard,2023,14.74,9.5,4,2.3,22.0,5.13,-5.24,WR
Jakobi Meyers,2023,14.74,9.86,3,2.8,16.0,8.06,-4.88,WR
Khalil Shakir,2025,14.29,14.2,4,2.9,18.1,8.42,-0.09,WR
Mike Evans,2026,14.17,7.09,3,1.3,14.3,2.11,-7.08,WR
Brandin Cooks,2023,13.4,12.55,2,2.0,12.0,10.99,-0.85,WR
Michael Thomas,2023,13.4,4.92,1,1.8,6.26,1.69,-8.48,WR
Rashod Bateman,2025,13.22,11.81,3,2.3,16.5,7.26,-1.41,WR
Darius Slayton,2025,12.95,4.65,3,1.5,22.0,1.92,-8.3,WR
Christian Watson,2025,11.87,5.37,1,1.5,6.07,2.72,-6.5,WR
Mike Williams,2024,11.79,7.99,1,1.2,8.3,3.38,-3.8,WR
Jalen Nailor,2026,11.68,5.66,3,2.2,18.0,1.47,-6.02,WR
JuJu Smith-Schuster,2023,11.39,10.81,3,3.2,16.0,12.13,-0.58,WR
Russell Gage,2023,11.39,4.56,2,1.5,7.0,2.29,-6.83,WR
Adam Thielen,2023,11.17,8.52,3,1.3,14.0,4.9,-2.65,WR
Dyami Brown,2025,10.79,2.97,1,1.4,9.5,1.52,-7.82,WR
Tutu Atwell,2025,10.79,3.09,1,1.7,10.0,2.59,-7.7,WR
Josh Palmer,2025,10.79,6.93,3,1.9,15.0,4.18,-3.86,WR
Robert Woods,2023,10.22,5.51,2,1.3,10.0,2.11,-4.71,WR
Allen Robinson,2023,10.05,3.41,2,1.4,5.0,1.58,-6.64,WR
Adam Thielen,2025,9.44,6.41,1,1.7,1.5,1.85,-3.03,WR
Curtis Samuel,2024,9.43,5.73,3,1.3,14.02,1.71,-3.7,WR
Marquise Brown,2024,8.26,16.47,1,2.8,6.5,27.75,8.21,WR
Darius Slayton,2023,8.04,8.24,2,2.4,4.9,3.81,0.2,WR
Kendrick Bourne,2024,7.67,3.84,3,1.5,5.5,1.62,-3.83,WR
Rashod Bateman,2024,7.59,1.84,2,1.2,4.5,1.23,-5.75,WR
Marquise Brown,2025,7.55,2.45,1,1.0,6.5,0.39,-5.1,WR
Jahan Dotson,2026,7.5,3.06,2,1.4,10.0,1.39,-4.44,WR
Darius Slayton,2024,7.31,10.23,1,2.8,0.0,7.16,2.92,WR
DeVante Parker,2023,7.24,7.55,2,2.5,9.1,5.39,0.31,WR
Kalif Raymond,2023,7.03,4.36,2,1.5,8.15,1.94,-2.67,WR
Brandin Cooks,2025,7.01,2.87,2,1.1,7.75,0.32,-4.14,WR
Jauan Jennings,2024,7.01,1.66,2,1.2,8.44,0.12,-5.35,WR
D.J. Chark,2023,6.7,4.8,1,1.3,5.0,2.65,-1.9,WR
Cedrick Wilson Jr.,2023,6.7,2.72,1,1.2,5.0,0.38,-3.98,WR
Deonte Harty,2023,6.36,2.24,2,1.2,4.75,0.65,-4.12,WR
Parris Campbell,2023,6.3,5.23,1,2.1,2.9,2.14,-1.07,WR
Tyquan Thornton,2026,5.5,2.97,2,1.2,7.4,0.59,-2.53,WR
DeAndre Hopkins,2025,5.39,8.15,1,1.2,5.0,3.19,2.76,WR
Mecole Hardman,2023,5.36,5.96,1,2.6,3.58,2.42,0.6,WR
Josh Reynolds,2024,5.31,5.47,2,1.4,4.24,2.85,0.16,WR
Devin Duvernay,2024,5.01,1.59,2,1.7,5.7,0.55,-3.42,WR
Kendrick Bourne,2026,5.0,2.8,2,1.1,6.5,1.05,-2.2,WR
Marquise Brown,2026,5.0,5.71,1,1.3,5.0,1.85,0.71,WR
Kavontae Turpin,2025,4.85,3.99,3,1.5,5.0,0.89,-0.86,WR
Ashton Dulin,2023,4.82,2.63,2,1.2,3.5,0.73,-2.19,WR
K.J. Osborn,2024,4.72,4.05,1,1.4,3.18,0.73,-0.67,WR
Demarcus Robinson,2024,4.72,2.33,1,1.1,4.0,0.47,-2.39,WR
Noah Brown,2024,4.72,3.87,1,1.4,3.0,1.95,-0.85,WR
Braxton Berrios,2023,4.69,2.4,1,1.3,3.0,0.68,-2.29,WR
Mack Hollins,2025,4.53,3.58,2,1.2,3.5,1.26,-0.95,WR
Olamide Zaccheaus,2026,4.5,2.79,1,1.2,2.3,0.86,-1.71,WR
Nelson Agholor,2024,4.42,3.8,1,1.0,3.75,1.55,-0.62,WR
Nelson Agholor,2023,4.35,5.15,1,1.1,3.25,1.73,0.8,WR
Kalif Raymond,2025,4.32,2.72,1,1.3,3.33,0.72,-1.6,WR
Demarcus Robinson,2025,4.32,3.82,2,1.3,6.0,1.38,-0.5,WR
Marquez Valdes-Scantling,2025,4.32,2.99,1,1.3,3.0,1.23,-1.33,WR
Tyler Lockett,2025,4.32,6.56,1,1.3,3.49,2.23,2.24,WR
Marvin Jones,2023,4.02,4.48,1,1.4,3.0,1.69,0.46,WR
Randall Cobb,2023,4.02,3.77,1,1.3,0.25,1.07,-0.25,WR
Amari Cooper,2025,3.78,13.16,1,1.9,3.5,14.27,9.38,WR
Rashid Shaheed,2024,3.65,7.4,2,1.7,1.0,3.56,3.75,WR
Odell Beckham Jr.,2024,3.54,7.3,1,1.1,3.0,2.0,3.76,WR
D.J. Chark,2024,3.54,4.19,1,1.2,2.06,1.74,0.65,WR
Greg Dortch,2025,3.52,2.72,1,1.8,0.0,0.63,-0.8,WR
Jake Bobo,2026,3.52,1.15,1,1.1,0.0,0.02,-2.37,WR
Noah Brown,2025,3.51,2.55,1,1.1,2.47,0.33,-0.96,WR
Ashton Dulin,2025,3.51,2.41,2,1.5,2.94,0.59,-1.1,WR
Kalif Raymond,2026,3.5,2.89,1,1.3,3.0,0.64,-0.61,WR
Noah Brown,2023,3.48,3.59,1,1.5,2.25,1.27,0.11,WR
Cedrick Wilson Jr.,2024,3.39,2.52,2,1.1,2.85,0.51,-0.87,WR
Mack Hollins,2023,3.35,6.62,1,1.8,0.91,3.13,3.27,WR
Keenan Allen,2025,3.26,17.92,1,2.5,2.26,9.0,14.66,WR
Mike Williams,2025,3.24,2.45,1,1.0,3.0,0.39,-0.79,WR
Trent Sherfield,2025,3.24,1.97,2,1.1,3.25,0.4,-1.27,WR
Nick Westbrook-Ikhine,2025,3.23,3.89,2,1.0,3.2,1.0,0.66,WR
Mack Hollins,2024,3.07,2.07,1,1.0,1.1,0.42,-1.0,WR
Zach Pascal,2023,3.01,2.09,2,1.2,1.5,0.57,-0.92,WR
Darnell Mooney,2026,3.0,6.09,1,1.4,3.0,3.42,3.09,WR
Christian Kirk,2026,3.0,5.61,1,1.4,2.78,1.36,2.61,WR
Josh Reynolds,2025,2.97,2.01,1,1.0,2.0,0.39,-0.96,WR
KhaDarel Hodge,2025,2.97,1.47,2,1.0,2.5,0.16,-1.5,WR
Ray-Ray McCloud,2024,2.95,2.7,2,1.3,2.12,0.43,-0.25,WR
Tyler Boyd,2024,2.83,15.79,1,2.2,1.2,6.79,12.96,WR
Justin Watson,2025,2.7,2.64,2,1.2,3.0,0.84,-0.06,WR
Allen Lazard,2025,2.7,4.44,1,1.4,1.75,2.12,1.74,WR
Tim Patrick,2025,2.7,2.99,1,1.2,2.5,0.6,0.29,WR
Elijah Moore,2025,2.7,3.3,1,1.5,2.5,2.21,0.6,WR
Zay Jones,2024,2.65,3.57,1,1.2,1.15,1.25,0.92,WR
Marquez Valdes-Scantling,2024,2.65,4.05,1,1.6,2.25,2.08,1.4,WR
Zay Jones,2025,2.59,1.55,1,1.1,1.3,0.28,-1.04,WR
Braxton Berrios,2024,2.54,2.14,1,1.1,1.2,0.42,-0.4,WR
Skyy Moore,2026,2.5,2.84,1,2.0,1.0,0.26,0.34,WR
Bennett Skowronek,2025,2.43,1.13,2,1.1,1.08,0.08,-1.3,WR
Trent Sherfield,2023,2.37,2.99,1,1.4,0.75,1.29,0.62,WR
Nick Westbrook-Ikhine,2024,2.36,2.77,1,1.3,0.75,0.76,0.41,WR
Brandon Powell,2024,2.36,2.13,1,1.3,0.62,0.49,-0.23,WR
Chris Moore,2024,2.36,2.3,1,1.4,0.75,0.98,-0.06,WR
Treylon Burks,2026,2.35,1.77,1,1.1,0.4,0.02,-0.58,WR
Justin Watson,2023,2.28,2.48,2,1.4,1.3,0.28,0.2,WR
Marquise Goodwin,2023,2.28,2.6,1,1.1,0.4,0.76,0.32,WR
Tylan Wallace,2025,2.27,3.02,1,2.1,1.35,0.3,0.75,WR
Hunter Renfrow,2025,2.16,5.39,1,1.1,0.83,1.02,3.23,WR
Rondale Moore,2025,2.16,1.47,1,1.2,0.25,1.31,-0.69,WR
Robert Woods,2025,2.16,2.62,1,1.0,0.74,0.24,0.46,WR
Trent Sherfield,2024,2.11,1.86,1,1.1,1.0,0.34,-0.25,WR
Julio Jones,2023,2.1,3.2,1,1.1,0.0,0.76,1.1,WR
Michael Gallup,2024,2.06,5.53,1,1.4,0.83,2.46,3.47,WR
Tim Jones,2025,2.02,1.45,1,1.1,0.5,0.13,-0.57,WR
Steven Sims,2023,2.01,1.38,1,1.1,0.5,0.05,-0.63,WR
DeAndre Carter,2023,2.01,4.12,1,1.4,1.25,1.14,2.11,WR
Braxton Berrios,2025,1.94,1.56,1,1.4,0.3,0.27,-0.38,WR
John Metchie III,2026,1.9,2.64,1,1.2,1.0,0.55,0.74,WR
Kendrick Bourne,2025,1.9,2.31,1,1.0,1.25,0.39,0.41,WR
Simi Fehoko,2025,1.89,1.31,1,1.1,1.25,0.04,-0.58,WR
Gunner Olszewski,2023,1.88,2.11,1,1.3,0.0,0.68,0.23,WR
Devin Duvernay,2026,1.85,1.31,1,1.1,0.55,0.05,-0.54,WR
Chris Conley,2024,1.83,1.09,1,1.1,0.46,-0.03,-0.74,WR
Van Jefferson,2025,1.8,2.01,1,1.2,1.17,0.24,0.21,WR
Dareke Young,2026,1.8,2.57,1,1.4,0.8,0.09,0.77,WR
Damiere Byrd,2023,1.77,2.67,1,1.2,0.15,0.61,0.9,WR
Chris Moore,2023,1.77,4.21,1,1.7,1.0,2.05,2.44,WR
Sterling Shepard,2023,1.77,2.28,1,1.0,0.0,0.44,0.51,WR
Jamison Crowder,2023,1.77,2.2,1,1.1,0.03,0.35,0.43,WR
Robbie Chosen,2023,1.77,6.25,1,1.2,0.15,1.62,4.48,WR
Trenton Irwin,2024,1.77,3.31,1,1.1,0.25,0.96,1.54,WR
Chris Conley,2023,1.77,1.19,1,1.1,0.4,0.04,-0.58,WR
Dyami Brown,2026,1.75,3.05,1,1.2,0.25,0.73,1.3,WR
Nick Westbrook-Ikhine,2023,1.69,3.41,1,1.3,0.4,0.43,1.72,WR
Ihmir Smith-Marsette,2024,1.66,1.1,1,1.3,0.4,0.02,-0.56,WR
Brandon Powell,2023,1.65,1.62,1,1.6,0.28,0.27,-0.03,WR
Richie James,2023,1.65,3.78,1,1.4,0.55,1.17,2.13,WR
Jalen Guyton,2023,1.65,1.26,1,1.3,0.08,0.04,-0.39,WR
Olamide Zaccheaus,2023,1.65,6.07,1,1.8,0.65,4.27,4.42,WR
Dante Pettis,2023,1.65,2.03,1,1.1,0.15,0.17,0.38,WR
Cam Sims,2023,1.65,1.92,1,1.2,0.3,0.38,0.27,WR
Keelan Cole,2023,1.65,1.59,1,1.1,0.08,0.29,-0.06,WR
Scott Miller,2023,1.65,2.08,1,1.3,0.15,0.45,0.43,WR
Trent Taylor,2023,1.65,1.65,1,1.2,0.05,0.25,-0.0,WR
Isaiah McKenzie,2023,1.65,3.94,1,1.3,0.4,2.47,2.29,WR
Isaiah McKenzie,2024,1.62,1.31,1,1.2,0.08,0.09,-0.31,WR
Mecole Hardman,2025,1.62,1.44,1,1.1,0.15,0.05,-0.18,WR
Sterling Shepard,2025,1.62,1.84,1,1.1,0.5,0.28,0.22,WR
Sterling Shepard,2024,1.62,1.8,1,1.1,0.05,0.31,0.18,WR
Olamide Zaccheaus,2025,1.62,4.77,1,1.7,0.75,1.71,3.15,WR
Jeff Smith,2023,1.61,1.67,1,1.1,0.0,0.1,0.06,WR
KhaDarel Hodge,2023,1.61,1.88,1,1.1,0.0,0.17,0.27,WR
Breshad Perriman,2023,1.56,2.1,1,1.1,0.0,0.62,0.54,WR
Demarcus Robinson,2023,1.56,3.47,1,1.2,0.0,0.82,1.91,WR
Phillip Dorsett,2023,1.56,1.95,1,1.1,0.0,0.3,0.39,WR
Adam Humphries,2023,1.56,3.23,1,1.3,0.0,1.98,1.67,WR
Laquon Treadwell,2023,1.56,1.08,1,1.0,0.0,-0.08,-0.48,WR
Cole Beasley,2023,1.56,1.44,1,1.0,0.0,0.08,-0.12,WR
Steven Sims,2024,1.56,1.31,1,1.3,0.08,0.11,-0.25,WR
Allen Robinson,2024,1.54,1.82,1,1.1,0.02,0.53,0.28,WR
David Moore,2025,1.53,2.03,1,1.1,0.56,0.3,0.5,WR
Donovan Peoples-Jones,2024,1.53,2.12,1,2.1,0.12,0.75,0.59,WR
Tim Patrick,2024,1.53,8.32,1,2.1,0.0,5.07,6.79,WR
Zach Pascal,2025,1.53,1.8,1,1.1,0.09,0.25,0.27,WR
JuJu Smith-Schuster,2025,1.53,2.22,1,1.2,1.2,0.31,0.69,WR
DeAndre Carter,2025,1.53,1.14,1,1.0,0.77,-0.03,-0.39,WR
Miles Boykin,2024,1.52,1.24,1,1.1,0.12,0.03,-0.28,WR
Quez Watkins,2024,1.52,2.28,1,1.7,0.17,0.4,0.76,WR
Laviska Shenault,2024,1.52,3.41,1,1.9,1.15,1.6,1.89,WR
Marquez Callaway,2023,1.52,1.63,1,1.3,0.3,0.14,0.11,WR
Van Jefferson,2024,1.52,2.05,1,1.0,0.17,0.61,0.53,WR
Scott Miller,2024,1.52,2.31,1,1.3,0.0,0.5,0.79,WR
Parris Campbell,2024,1.52,2.33,1,1.1,0.42,0.63,0.81,WR
Deonte Harty,2024,1.52,2.71,1,1.2,1.15,0.91,1.19,WR
David Moore,2024,1.52,1.44,1,1.2,0.0,0.19,-0.08,WR
Jalen Guyton,2024,1.52,1.55,1,1.1,0.03,0.34,0.03,WR
KhaDarel Hodge,2024,1.52,1.95,1,1.1,0.17,0.2,0.43,WR
River Cracraft,2024,1.52,1.81,1,1.1,0.0,0.25,0.29,WR
Jalen Reagor,2024,1.52,0.93,1,1.1,0.44,-0.03,-0.59,WR
Olamide Zaccheaus,2024,1.52,2.27,1,1.2,0.38,0.59,0.75,WR
Jesper Horsted,2023,1.5,1.22,1,1.1,0.03,0.01,-0.28,WR
Calvin Austin III,2026,1.5,2.63,1,1.1,0.45,0.32,1.13,WR
Lil'Jordan Humphrey,2026,1.49,1.22,1,1.1,0.09,0.08,-0.27,WR
Jamison Crowder,2024,1.49,1.59,1,1.0,0.0,0.14,0.1,WR
David Moore,2026,1.49,1.14,1,1.1,0.0,0.02,-0.35,WR
David Bell,2024,1.48,1.66,2,1.3,0.0,0.51,0.18,WR
Mike Thomas,2023,1.45,1.14,1,1.1,0.0,0.02,-0.31,WR
Lil'Jordan Humphrey,2023,1.45,0.97,1,1.3,0.0,0.02,-0.48,WR
Keke Coutee,2023,1.45,1.27,1,1.2,0.0,0.01,-0.18,WR
Byron Pringle,2023,1.45,2.33,1,1.1,0.0,0.48,0.88,WR
John Ross,2023,1.45,3.24,1,1.1,0.0,0.9,1.79,WR
Miles Boykin,2023,1.45,1.62,1,1.2,0.0,0.25,0.17,WR
N'Keal Harry,2023,1.45,3.67,1,1.2,0.0,0.86,2.22,WR
Andy Isabella,2023,1.45,1.11,1,1.1,0.0,-0.01,-0.34,WR
River Cracraft,2023,1.45,1.32,1,1.1,0.0,0.04,-0.13,WR
James Washington,2023,1.45,1.63,1,1.3,0.0,0.32,0.18,WR
Tyler Johnson,2025,1.44,2.09,1,1.3,0.37,0.21,0.65,WR
Devin Duvernay,2025,1.44,2.14,1,1.1,0.17,0.46,0.7,WR
Chase Claypool,2024,1.44,3.67,1,1.4,0.02,1.18,2.23,WR
Jalen Reagor,2025,1.44,1.24,1,1.1,0.36,-0.09,-0.2,WR
Dante Pettis,2025,1.44,1.29,1,1.0,0.0,0.02,-0.15,WR
Parris Campbell,2025,1.44,1.31,1,1.1,0.17,0.05,-0.13,WR
Scott Miller,2025,1.44,1.66,1,1.1,0.0,0.05,0.22,WR
JuJu Smith-Schuster,2024,1.43,2.72,1,1.1,0.0,0.53,1.29,WR
Willie Snead,2024,1.43,1.1,1,1.0,0.0,-0.03,-0.33,WR
Laquon Treadwell,2024,1.43,1.1,1,1.0,0.0,-0.1,-0.33,WR
Damiere Byrd,2024,1.43,1.1,1,1.3,0.0,-0.02,-0.33,WR
Phillip Dorsett,2024,1.43,1.14,1,1.2,0.0,-0.02,-0.29,WR
Robbie Chosen,2024,1.43,1.26,1,1.2,0.0,0.07,-0.17,WR
Tyron Johnson,2023,1.43,1.31,2,1.3,0.0,0.05,-0.12,WR
Juwann Winfree,2023,1.43,1.23,2,1.1,0.0,0.03,-0.2,WR
DeVante Parker,2024,1.43,3.1,1,1.2,0.0,1.01,1.67,WR
DeAndre Carter,2024,1.42,1.79,1,1.2,0.45,0.25,0.37,WR
Tutu Atwell,2026,1.4,3.5,1,1.4,1.08,1.37,2.1,WR
D.J. Chark,2025,1.4,2.04,1,1.1,0.04,0.34,0.64,WR
Nick Westbrook-Ikhine,2026,1.4,1.78,1,1.0,0.44,0.25,0.38,WR
Gunner Olszewski,2026,1.4,1.66,1,1.1,0.3,0.14,0.26,WR
Tylan Wallace,2026,1.4,1.96,1,1.2,0.12,0.39,0.56,WR
Greg Dortch,2026,1.4,3.24,1,1.4,1.08,0.95,1.84,WR
Jalen Tolbert,2026,1.4,2.67,1,1.2,1.26,0.81,1.27,WR
Van Jefferson,2026,1.4,2.01,1,1.3,0.53,0.56,0.61,WR
Mecole Hardman,2026,1.38,1.22,1,1.4,0.0,0.01,-0.16,WR
Dezmon Patmon,2023,1.37,0.88,1,1.3,0.01,-0.03,-0.49,WR
D'Wayne Eskridge,2025,1.37,1.18,1,1.1,0.0,0.12,-0.19,WR
Penny Hart,2023,1.35,1.39,1,1.1,0.0,0.02,0.04,WR
Bryan Edwards,2023,1.35,0.75,1,1.3,0.0,-0.04,-0.6,WR
Freddie Swain,2023,1.35,0.99,1,1.3,0.0,0.0,-0.36,WR
Jalen Reagor,2023,1.35,2.45,1,1.0,0.0,0.64,1.1,WR
Tyrie Cleveland,2023,1.35,1.11,1,1.2,0.0,0.05,-0.24,WR
Jason Moore,2023,1.35,1.21,1,1.1,0.0,0.0,-0.14,WR
Nsimba Webster,2023,1.35,1.2,1,1.1,0.0,-0.0,-0.15,WR
Robbie Chosen,2025,1.35,1.03,1,1.1,0.0,-0.04,-0.32,WR
James Proche,2023,1.35,0.9,1,1.1,0.0,0.11,-0.45,WR
Greg Dortch,2023,1.35,4.65,1,1.3,0.0,1.45,3.3,WR
Keith Kirkwood,2023,1.35,1.22,1,1.0,0.0,0.0,-0.13,WR
Mike Strachan,2023,1.34,1.74,2,1.2,0.0,0.42,0.4,WR
Jalen Camp,2023,1.34,1.0,2,1.2,0.0,-0.03,-0.34,WR
Lil'Jordan Humphrey,2025,1.34,2.18,1,1.2,0.02,0.49,0.84,WR
Keith Kirkwood,2024,1.33,1.34,1,1.1,0.0,0.05,0.01,WR
Greg Dortch,2024,1.33,2.26,1,1.2,0.0,0.22,0.93,WR
Equanimeous St. Brown,2024,1.33,2.18,1,1.4,0.0,0.43,0.85,WR
Byron Pringle,2024,1.33,1.29,1,1.1,0.25,0.04,-0.04,WR
Trent Taylor,2024,1.33,1.38,1,1.2,0.0,0.22,0.05,WR
James Proche,2024,1.33,1.23,1,1.2,0.0,0.03,-0.1,WR
Gunner Olszewski,2024,1.33,1.54,1,1.2,0.47,0.21,0.21,WR
Tyler Johnson,2024,1.33,1.37,1,1.1,0.08,0.06,0.04,WR
Lil'Jordan Humphrey,2024,1.33,2.03,1,1.2,0.0,0.21,0.7,WR
Mecole Hardman,2024,1.33,2.53,1,1.4,0.0,1.05,1.2,WR
Terrace Marshall Jr.,2025,1.32,0.79,1,1.2,0.02,-0.09,-0.53,WR
Laviska Shenault,2025,1.31,1.36,1,1.2,0.02,0.05,0.05,WR
Adam Thielen,2026,1.3,1.28,1,1.1,0.0,-0.07,-0.02,WR
K.J. Osborn,2025,1.29,2.05,1,1.1,0.32,0.41,0.76,WR
Steven Sims,2025,1.26,1.23,1,1.1,0.0,0.03,-0.03,WR
Cedrick Wilson Jr.,2025,1.26,2.2,1,1.1,0.34,0.46,0.94,WR
Anthony Miller,2025,1.26,1.34,1,1.0,0.0,-0.03,0.08,WR
River Cracraft,2025,1.26,1.33,1,1.0,0.0,0.01,0.07,WR
Amari Rodgers,2023,1.26,1.08,1,1.3,0.0,0.24,-0.18,WR
Tom Kennedy,2023,1.26,1.39,1,1.1,0.0,0.07,0.13,WR
Dan Chisena,2025,1.26,1.15,1,1.2,0.0,0.06,-0.11,WR
James Proche,2025,1.26,1.16,1,1.0,0.0,0.01,-0.1,WR
Gabriel Davis,2025,1.26,3.08,1,1.4,0.0,1.22,1.82,WR
Juwann Winfree,2025,1.26,1.09,1,1.3,0.0,0.03,-0.17,WR
Trent Taylor,2025,1.26,1.07,1,1.1,0.0,-0.01,-0.19,WR
David Sills,2023,1.26,1.29,1,1.0,0.0,0.01,0.03,WR
Diontae Johnson,2025,1.26,12.45,1,2.1,0.0,7.05,11.19,WR
Trenton Irwin,2025,1.26,1.1,1,1.1,0.0,-0.0,-0.16,WR
Lawrence Cager,2023,1.26,1.35,1,1.2,0.0,0.12,0.09,WR
Simi Fehoko,2023,1.26,1.11,1,1.2,0.0,0.04,-0.15,WR
Jacob Harris,2023,1.26,0.98,1,1.1,0.0,0.01,-0.28,WR
Ihmir Smith-Marsette,2023,1.26,0.72,1,1.3,0.0,-0.02,-0.54,WR
Jauan Jennings,2023,1.26,2.83,1,1.5,0.0,0.82,1.57,WR
Collin Johnson,2025,1.26,1.06,1,1.1,0.0,0.01,-0.2,WR
Collin Johnson,2023,1.26,0.63,1,1.2,0.0,-0.14,-0.63,WR
Deven Thompkins,2025,1.25,1.1,2,1.3,0.0,0.02,-0.15,WR
Britain Covey,2025,1.25,1.53,2,1.0,0.0,-0.02,0.28,WR
Andre Baccellia,2023,1.24,1.08,2,1.1,0.0,-0.01,-0.16,WR
Simi Fehoko,2024,1.24,1.41,1,1.2,0.0,0.13,0.17,WR
D.J. Turner,2023,1.24,1.17,2,1.2,0.0,0.04,-0.07,WR
Lawrence Cager,2024,1.24,1.74,1,1.2,0.0,0.12,0.5,WR
Bennett Skowronek,2024,1.24,1.71,1,1.0,0.0,0.23,0.47,WR
D'Wayne Eskridge,2024,1.24,1.8,1,1.0,0.0,0.34,0.56,WR
Velus Jones Jr.,2025,1.24,1.31,1,1.2,0.0,0.04,0.07,WR
Tom Kennedy,2026,1.24,1.31,1,1.2,0.02,0.06,0.07,WR
Braylon Sanders,2023,1.24,0.75,2,1.2,0.0,-0.03,-0.49,WR
Keelan Doss,2024,1.24,1.21,1,1.1,0.0,0.0,-0.03,WR
Terrace Marshall Jr.,2024,1.24,0.87,1,1.1,0.0,0.12,-0.37,WR
Isaiah Hodgins,2026,1.24,1.56,1,1.2,0.0,0.12,0.32,WR
Malik Taylor,2024,1.24,1.26,1,1.1,0.0,0.0,0.02,WR
Quintez Cephus,2024,1.24,0.91,1,1.1,0.0,-0.08,-0.33,WR
Kadarius Toney,2024,1.24,2.82,1,1.1,0.0,0.69,1.58,WR
Collin Johnson,2024,1.24,1.07,1,1.1,0.0,0.03,-0.17,WR
Montrell Washington,2023,1.24,0.74,2,1.3,0.0,-0.02,-0.5,WR
Erik Ezukanma,2024,1.23,1.03,2,1.2,0.0,0.11,-0.2,WR
Tanner Conner,2026,1.22,1.23,1,1.1,0.0,0.07,0.01,WR
Isaiah Hodgins,2024,1.22,1.73,1,1.1,0.32,0.13,0.51,WR
Malik Turner,2026,1.22,1.25,1,1.2,0.0,0.01,0.03,WR
Velus Jones Jr.,2026,1.22,1.16,1,1.1,0.0,-0.01,-0.06,WR
Tim Jones,2026,1.22,1.55,1,1.1,0.0,0.06,0.33,WR
Josh Ali,2023,1.2,0.78,3,1.6,0.0,-0.01,-0.42,WR
Kristian Wilkerson,2025,1.19,1.38,1,1.1,0.0,0.11,0.19,WR
Brandon Johnson,2025,1.19,1.2,1,1.1,0.0,0.02,0.01,WR
Tyquan Thornton,2025,1.19,1.0,1,1.2,0.0,-0.01,-0.19,WR
Tom Kennedy,2025,1.19,1.11,1,1.3,0.0,0.03,-0.08,WR
Treylon Burks,2025,1.19,1.89,1,1.0,0.0,0.46,0.7,WR
Isaiah Hodgins,2025,1.19,1.11,1,1.1,0.0,0.01,-0.08,WR
Maurice Alexander,2023,1.17,1.22,1,1.1,0.0,0.02,0.05,WR
Austin Trammell,2023,1.17,0.87,1,1.2,0.0,-0.04,-0.3,WR
Xavier Gipson,2025,1.17,1.03,2,1.1,0.0,-0.07,-0.14,WR
Isaiah Hodgins,2023,1.17,1.82,1,1.2,0.0,0.71,0.65,WR
Mason Kinsey,2025,1.17,1.11,2,1.1,0.0,0.1,-0.06,WR
Cody White,2023,1.17,0.8,1,1.3,0.0,-0.03,-0.37,WR
Cade Johnson,2023,1.17,0.84,1,1.2,0.0,-0.04,-0.33,WR
Jalen Brooks,2025,1.17,1.18,2,1.2,0.0,0.06,0.01,WR
Tim Jones,2023,1.17,1.03,1,1.3,0.0,0.1,-0.14,WR
Michael Bandy,2023,1.17,1.01,1,1.3,0.0,-0.03,-0.16,WR
Austin Trammell,2026,1.16,1.0,1,1.1,0.01,-0.03,-0.16,WR
Deven Thompkins,2024,1.16,1.04,1,1.1,0.0,0.05,-0.12,WR
Velus Jones Jr.,2024,1.16,1.6,1,1.0,0.0,0.16,0.44,WR
Austin Trammell,2024,1.16,1.46,1,1.2,0.0,0.06,0.3,WR
Dax Milne,2024,1.16,0.69,1,1.2,0.0,0.11,-0.47,WR
Tim Jones,2024,1.16,1.2,1,1.1,0.0,0.01,0.04,WR
Trishton Jackson,2024,1.16,1.34,1,1.1,0.0,0.01,0.18,WR
Cody Thompson,2024,1.16,1.2,4,1.1,0.0,0.01,0.04,WR
Michael Woods,2024,1.15,0.62,2,1.3,0.0,-0.03,-0.53,WR
Mason Kinsey,2024,1.15,1.32,2,1.3,0.0,0.06,0.17,WR
Jalen Virgil,2024,1.15,1.12,2,1.2,0.0,0.05,-0.03,WR
Cody White,2026,1.14,1.73,1,1.1,0.0,0.13,0.59,WR
Ronnie Bell,2025,1.14,0.88,2,1.2,0.0,-0.03,-0.26,WR
Jonathan Mingo,2026,1.14,2.76,1,1.3,0.0,0.81,1.62,WR
Bo Melton,2026,1.14,1.43,1,1.2,0.0,0.11,0.29,WR
Mason Kinsey,2023,1.12,0.83,2,1.2,0.0,-0.04,-0.29,WR
Dennis Houston,2023,1.12,0.7,2,1.3,0.0,-0.04,-0.42,WR
Cody White,2025,1.11,1.19,1,1.2,0.0,0.05,0.08,WR
Alex Bachman,2025,1.11,1.15,1,1.1,0.0,-0.0,0.04,WR
Austin Trammell,2025,1.11,1.49,1,1.1,0.0,0.07,0.38,WR
Bo Melton,2025,1.11,1.23,1,1.2,0.0,0.02,0.12,WR
Irvin Charles,2025,1.11,1.28,1,1.4,0.0,0.02,0.17,WR
Kendric Pryor,2025,1.11,1.1,1,1.1,0.0,0.01,-0.01,WR
Ramel Keyton,2025,1.1,0.75,2,1.3,0.0,-0.04,-0.35,WR
Ryan Flournoy,2025,1.1,1.1,2,1.2,0.0,0.05,0.0,WR
Isaiah Williams,2025,1.1,0.74,2,1.3,0.0,-0.03,-0.36,WR
Kevin Austin Jr.,2025,1.1,0.89,2,1.2,0.0,-0.05,-0.21,WR
Tyrell Shavers,2025,1.1,1.2,2,1.3,0.01,0.17,0.1,WR
Nikko Remigio,2026,1.08,1.08,1,1.3,0.0,0.05,0.0,WR
Michael Bandy,2026,1.08,1.66,1,1.2,0.01,0.26,0.58,WR
Jason Brownlee,2026,1.08,1.15,1,1.3,0.0,0.01,0.07,WR
Bryce Oliver,2026,1.08,1.23,1,1.1,0.0,-0.09,0.15,WR
Malachi Corley,2026,1.08,0.91,1,1.4,0.0,0.02,-0.17,WR
Jamari Thrash,2026,1.08,1.08,1,1.3,0.0,0.08,0.0,WR
Xavier Smith,2026,1.08,2.04,1,1.4,0.0,0.09,0.96,WR
Shedrick Jackson,2024,1.08,0.78,1,1.3,0.0,-0.01,-0.3,WR
Jalen Coker,2026,1.08,1.47,1,1.1,0.0,0.23,0.39,WR
Ryan Miller,2026,1.08,0.86,1,1.1,0.0,-0.08,-0.22,WR
Mitchell Tinsley,2026,1.08,1.29,1,1.1,0.0,0.12,0.21,WR
Justyn Ross,2025,1.04,0.93,1,1.2,0.0,-0.01,-0.11,WR
Tyreik McAllister,2025,1.04,1.16,1,1.1,0.0,0.01,0.12,WR
Jamari Thrash,2025,1.04,0.81,1,1.3,0.0,0.01,-0.23,WR
Malachi Corley,2025,1.04,0.9,1,1.3,0.0,0.18,-0.14,WR
Jared Wayne,2026,1.0,1.12,1,1.2,0.0,0.1,0.12,WR
Daylen Baldwin,2023,1.0,0.79,1,1.3,0.0,-0.03,-0.21,WR
Brycen Tremayne,2026,1.0,1.31,1,1.2,0.0,0.01,0.31,WR
Zavier Scott,2026,1.0,1.49,1,1.2,0.0,0.12,0.49,WR
Xavier Restrepo,2026,0.97,0.6,2,1.3,0.0,-0.04,-0.37,WR
Kwamie Lassiter II,2024,0.94,1.16,1,1.2,0.0,0.0,0.22,WR
Grant DuBose,2025,0.91,0.68,1,1.3,0.0,-0.03,-0.23,WR
Tay Martin,2025,0.91,1.15,1,1.3,0.0,0.1,0.24,WR
Brycen Tremayne,2025,0.91,1.08,1,1.3,0.0,-0.0,0.17,WR
Jacoby Jones,2026,0.88,0.79,1,1.3,0.0,0.06,-0.09,WR
Coleman Owen,2026,0.88,0.87,1,1.3,0.0,-0.0,-0.01,WR
Stanley Morgan,2023,0.58,1.31,1,1.2,0.0,0.22,0.73,WR
Martavis Bryant,2023,0.5,2.62,1,1.3,0.0,0.53,2.12,WR
Jamal Agnew,2024,0.45,2.87,1,1.1,0.0,0.71,2.42,WR
Alex Erickson,2024,0.45,1.22,1,1.0,0.0,-0.06,0.77,WR
Tanner Conner,2023,0.44,0.92,1,1.2,0.0,-0.0,0.48,WR
D.J. Turner,2025,0.43,1.49,1,1.1,0.0,0.05,1.06,WR
Brandon Johnson,2024,0.41,1.92,1,1.4,0.0,0.17,1.51,WR
Tre'Quan Smith,2023,0.39,2.39,1,1.1,0.0,0.43,2.0,WR
Denzel Mims,2023,0.39,1.88,1,1.1,0.0,0.43,1.49,WR
Chris Blair,2025,0.38,1.11,1,1.2,0.0,0.03,0.73,WR
Justyn Ross,2024,0.36,0.75,1,1.3,0.0,0.01,0.39,WR
Mike Strachan,2024,0.36,1.19,1,1.3,0.0,0.05,0.83,WR
Jaelon Darden,2023,0.34,1.52,1,1.5,0.0,0.41,1.18,WR
Ray-Ray McCloud,2025,0.34,6.12,1,2.0,0.0,3.69,5.78,WR
K.J. Hamler,2023,0.29,1.31,1,1.2,0.0,0.65,1.02,WR
Frank Darby,2023,0.29,0.94,1,1.1,0.0,0.02,0.65,WR
Anthony Schwartz,2023,0.29,1.13,1,1.4,0.0,0.31,0.84,WR
Lance McCutcheon,2023,0.29,0.76,1,1.3,0.0,-0.02,0.47,WR
Racey McMath,2023,0.29,0.79,1,1.4,0.0,0.08,0.5,WR
Shi Smith,2023,0.29,1.64,1,1.3,0.0,0.32,1.35,WR
Danny Gray,2024,0.27,1.17,1,1.3,0.0,0.23,0.9,WR
Kyle Philips,2024,0.27,1.29,1,1.3,0.0,-0.05,1.02,WR
Tyquan Thornton,2024,0.27,1.06,1,1.1,0.0,0.48,0.79,WR
Ronnie Bell,2024,0.27,1.04,1,1.2,0.0,0.09,0.77,WR
Elijah Cooks,2024,0.27,1.28,1,1.2,0.0,0.07,1.01,WR
Samori Toure,2024,0.27,0.97,1,1.2,0.0,-0.05,0.7,WR
Jason Brownlee,2024,0.27,1.26,1,1.2,0.0,0.12,0.99,WR
A.T. Perry,2024,0.27,0.97,1,1.2,0.0,0.13,0.7,WR
D.J. Montgomery,2024,0.27,1.37,1,1.2,0.0,0.07,1.1,WR
Erik Ezukanma,2025,0.25,0.9,1,1.3,0.0,-0.0,0.65,WR
Javon Baker,2025,0.25,0.63,1,1.3,0.0,-0.01,0.38,WR
Ainias Smith,2025,0.25,0.88,1,1.3,0.0,0.03,0.63,WR
Rakim Jarrett,2025,0.25,0.86,1,1.4,0.0,0.03,0.61,WR
Jha'Quan Jackson,2025,0.25,0.8,1,1.3,0.0,-0.03,0.55,WR
Tyler Scott,2025,0.25,0.9,1,1.4,0.0,-0.0,0.65,WR
Michael Woods,2025,0.25,0.99,1,1.2,0.0,0.02,0.74,WR
Colton Dowell,2025,0.25,0.8,1,1.3,0.0,-0.03,0.55,WR
Tanner Conner,2025,0.25,1.1,1,1.1,0.0,-0.0,0.85,WR
Elijah Moore,2026,0.0,1.92,1,1.2,0.0,0.74,1.92,WR
David Sills,2026,0.0,1.8,1,1.1,0.0,0.17,1.8,WR
Trent Sherfield,2026,0.0,1.18,1,1.0,0.0,0.03,1.18,WR
Christian McCaffrey,2024,22.41,14.9,2,3.4,24.0,9.37,-7.51,RB
Saquon Barkley,2025,22.22,9.27,2,3.6,36.0,4.83,-12.95,RB
Jonathan Taylor,2023,18.76,3.83,3,2.2,19.35,4.13,-14.93,RB
Derrick Henry,2025,16.18,8.6,2,3.5,25.0,6.31,-7.58,RB
Josh Jacobs,2023,15.8,13.72,1,4.1,10.09,9.61,-2.08,RB
Aaron Jones,2023,15.41,7.61,2,2.8,8.52,4.98,-7.8,RB
Saquon Barkley,2024,14.84,5.22,3,1.8,26.0,2.85,-9.62,RB
Alvin Kamara,2024,14.45,6.32,2,2.4,19.23,3.99,-8.13,RB
Kenneth Walker III,2026,14.35,7.2,3,2.4,28.7,7.05,-7.15,RB
Breece Hall,2026,14.29,7.51,1,3.6,0.0,7.26,-6.78,RB
Josh Jacobs,2024,14.15,5.35,4,1.5,12.5,0.95,-8.8,RB
Tony Pollard,2023,13.52,11.86,1,2.4,10.09,10.12,-1.66,RB
Saquon Barkley,2023,13.52,2.03,1,1.4,10.09,0.71,-11.49,RB
James Cook,2025,12.41,11.69,4,2.3,15.28,7.62,-0.72,RB
Travis Etienne,2026,12.0,6.43,4,2.3,24.0,4.79,-5.57,RB
Kyren Williams,2025,11.87,6.61,3,3.3,15.14,5.64,-5.26,RB
Joe Mixon,2024,11.65,8.19,2,2.2,13.0,4.68,-3.46,RB
James Conner,2024,11.2,7.22,2,2.1,8.25,2.85,-3.98,RB
Aaron Jones,2025,10.79,7.08,2,2.1,11.5,2.92,-3.71,RB
David Montgomery,2024,10.76,6.15,2,1.7,5.25,4.01,-4.61,RB
Rhamondre Stevenson,2024,10.61,5.72,4,1.7,17.12,3.68,-4.89,RB
Chuba Hubbard,2024,9.79,5.68,4,1.5,12.06,1.45,-4.11,RB
Derrick Henry,2024,9.43,9.33,2,2.4,9.0,6.37,-0.1,RB
D'Andre Swift,2024,9.43,6.66,3,2.0,14.0,6.25,-2.77,RB
Dalvin Cook,2023,9.38,10.72,1,3.6,5.8,9.63,1.34,RB
Tony Pollard,2024,8.55,6.73,3,1.7,10.49,1.85,-1.82,RB
Miles Sanders,2023,8.51,5.36,4,3.1,13.0,6.1,-3.15,RB
Aaron Jones,2024,8.26,2.35,1,1.4,7.0,0.68,-5.91,RB
David Montgomery,2026,8.25,5.16,2,1.9,1.0,3.64,-3.09,RB
David Montgomery,2023,8.04,5.86,3,2.2,8.75,4.11,-2.18,RB
Javonte Williams,2026,8.0,8.13,3,2.1,16.0,3.87,0.13,RB
J.K. Dobbins,2026,8.0,4.14,2,1.1,0.0,0.83,-3.86,RB
Joe Mixon,2023,7.7,11.29,2,2.2,4.13,4.23,3.59,RB
Kenneth Gainwell,2026,7.0,6.04,2,2.3,9.83,4.77,-0.96,RB
Devin Singletary,2024,6.49,3.34,3,1.5,9.5,1.66,-3.15,RB
Jaylen Warren,2025,6.42,6.12,2,2.1,11.76,2.94,-0.3,RB
Rico Dowdle,2026,6.12,6.87,2,2.1,5.0,2.91,0.75,RB
Tyler Allgeier,2026,6.12,4.66,2,1.5,8.0,1.1,-1.46,RB
Nyheim Miller-Hines,2023,6.03,2.83,2,1.7,2.0,0.71,-3.2,RB
Jordan Mason,2025,5.77,3.37,1,1.3,0.0,0.83,-2.4,RB
Najee Harris,2025,5.66,6.91,1,2.6,5.25,3.23,1.25,RB
Aaron Jones,2026,5.56,2.33,1,1.2,5.0,0.44,-3.23,RB
Jamaal Williams,2023,5.36,4.05,3,2.2,8.15,2.38,-1.31,RB
Samaje Perine,2023,5.02,2.68,2,1.1,3.0,1.32,-2.34,RB
Chris Rodriguez Jr.,2026,5.0,2.47,2,1.4,6.2,1.06,-2.53,RB
Austin Ekeler,2024,4.97,7.22,2,2.5,4.21,4.6,2.25,RB
Raheem Mostert,2024,4.87,7.28,1,2.2,3.71,5.01,2.41,RB
Zack Moss,2024,4.72,4.56,2,1.3,3.0,1.7,-0.16,RB
Alexander Mattison,2023,4.69,2.59,2,1.4,3.6,1.2,-2.1,RB
Keaton Mitchell,2026,4.62,1.62,2,1.4,5.0,0.8,-3.0,RB
Gus Edwards,2023,4.53,1.99,1,1.1,2.3,0.52,-2.54,RB
Antonio Gibson,2024,4.42,6.07,3,2.3,5.3,3.95,1.65,RB
Jeff Wilson,2023,4.02,4.61,2,1.9,2.64,3.66,0.59,RB
Ezekiel Elliott,2023,4.02,6.34,1,1.7,1.1,4.47,2.32,RB
Gus Edwards,2024,3.83,4.71,2,1.7,3.38,3.15,0.88,RB
Hunter Luepke,2025,3.78,1.26,2,1.2,5.03,0.18,-2.52,RB
Raheem Mostert,2023,3.75,3.64,2,1.4,2.2,2.24,-0.11,RB
Devin Singletary,2023,3.68,9.06,1,2.1,2.5,4.71,5.38,RB
Justice Hill,2024,3.54,2.33,2,1.3,4.44,0.89,-1.21,RB
Cordarrelle Patterson,2024,3.54,2.06,2,0.9,1.9,0.07,-1.48,RB
Sean Tucker,2026,3.52,2.18,1,1.5,0.0,0.42,-1.34,RB
Javonte Williams,2025,3.24,4.97,1,2.6,2.0,1.55,1.73,RB
DeeJay Dallas,2024,3.24,1.45,3,1.1,2.4,0.49,-1.79,RB
A.J. Dillon,2024,3.23,3.83,1,1.2,0.17,1.41,0.6,RB
Justice Hill,2023,3.02,1.5,2,1.1,1.25,0.35,-1.52,RB
James Conner,2026,3.0,3.75,1,1.3,2.1,1.11,0.75,RB
Rico Dowdle,2025,2.97,5.56,1,2.1,2.75,2.37,2.59,RB
Elijah Mitchell,2025,2.7,1.53,1,1.1,1.35,0.09,-1.17,RB
Ty Johnson,2025,2.7,2.03,2,1.3,2.49,1.17,-0.67,RB
Nick Chubb,2025,2.7,2.23,1,1.0,1.5,0.06,-0.47,RB
Travis Homer,2023,2.68,1.65,2,1.2,1.75,0.6,-1.03,RB
James Robinson,2023,2.68,2.43,2,1.2,0.15,0.51,-0.25,RB
Boston Scott,2023,2.68,1.47,1,1.0,1.08,0.23,-1.21,RB
Nick Chubb,2024,2.68,5.45,1,1.6,2.05,2.51,2.77,RB
D'Onta Foreman,2023,2.68,3.34,1,1.1,1.0,0.87,0.66,RB
Christopher Brooks,2026,2.42,1.65,2,1.1,0.65,0.08,-0.77,RB
Damien Harris,2023,2.37,3.72,1,1.4,1.0,0.43,1.35,RB
Alexander Mattison,2024,2.36,3.28,1,1.6,1.65,0.89,0.92,RB
Ezekiel Elliott,2024,2.36,2.49,1,1.5,1.62,0.74,0.13,RB
Ameer Abdullah,2023,2.34,1.84,1,1.4,0.5,0.3,-0.5,RB
Ty Montgomery,2023,2.28,1.6,1,1.0,0.0,0.1,-0.68,RB
J.K. Dobbins,2025,2.23,5.67,1,1.6,2.06,3.09,3.44,RB
Ameer Abdullah,2024,2.18,2.11,1,1.2,0.85,0.47,-0.07,RB
Mike Boone,2023,2.08,1.77,2,1.1,0.3,0.21,-0.31,RB
Jeff Wilson,2024,2.06,1.96,1,1.1,0.4,0.42,-0.1,RB
Clyde Edwards-Helaire,2024,2.0,2.2,1,1.2,1.32,0.71,0.2,RB
Kene Nwangwu,2026,2.0,1.31,1,1.0,1.0,0.05,-0.69,RB
Rachaad White,2026,2.0,4.09,1,1.8,1.72,2.82,2.09,RB
Dare Ogunbowale,2025,1.94,1.72,1,1.2,0.75,0.47,-0.22,RB
Samaje Perine,2025,1.94,2.37,2,1.3,0.4,0.71,0.43,RB
JaMycal Hasty,2023,1.94,1.82,2,1.3,0.3,0.44,-0.12,RB
Salvon Ahmed,2023,1.94,1.28,1,1.7,0.3,0.07,-0.66,RB
Kenneth Gainwell,2025,1.93,3.17,1,1.5,0.62,1.05,1.24,RB
J.K. Dobbins,2024,1.9,2.34,1,1.3,0.05,0.44,0.44,RB
Travis Homer,2025,1.89,2.01,1,1.6,1.0,0.34,0.12,RB
Jerome Ford,2025,1.89,4.19,1,1.9,1.75,2.19,2.3,RB
Matt Breida,2023,1.88,1.64,1,1.2,0.5,0.38,-0.24,RB
Zack Moss,2025,1.83,2.17,1,1.1,0.38,0.15,0.34,RB
Isiah Pacheco,2026,1.81,1.67,1,1.1,1.81,0.54,-0.14,RB
Rashaad Penny,2023,1.81,2.66,1,1.2,0.6,0.64,0.85,RB
Kareem Hunt,2023,1.81,4.61,1,1.6,0.5,1.72,2.8,RB
Dare Ogunbowale,2024,1.77,1.64,1,1.2,0.18,0.17,-0.13,RB
Chase Edmonds,2024,1.77,1.58,1,1.0,1.0,0.18,-0.19,RB
Latavius Murray,2023,1.77,2.09,1,1.4,0.8,0.22,0.32,RB
Jerick McKinnon,2023,1.77,2.67,1,1.7,1.09,1.5,0.9,RB
Jonathan Williams,2023,1.77,1.21,1,1.0,0.15,0.0,-0.56,RB
Kenyan Drake,2023,1.77,2.18,1,1.2,0.0,0.37,0.41,RB
Samaje Perine,2024,1.77,1.99,1,1.7,0.29,1.03,0.22,RB
Raheem Mostert,2025,1.73,1.7,1,1.1,0.18,0.13,-0.03,RB
Chase Edmonds,2023,1.65,2.12,1,1.3,0.15,0.23,0.47,RB
Trayveon Williams,2023,1.65,1.01,1,1.0,0.05,-0.02,-0.64,RB
Ty Johnson,2023,1.65,2.21,1,1.7,0.25,0.77,0.56,RB
Myles Gaskin,2023,1.65,1.84,1,1.4,0.0,0.96,0.19,RB
Ronald Jones II,2023,1.65,1.97,1,1.1,0.3,0.33,0.32,RB
D'Ernest Johnson,2023,1.65,1.66,1,1.1,0.25,0.13,0.01,RB
Kareem Hunt,2025,1.62,2.74,1,1.3,0.85,0.35,1.12,RB
Emanuel Wilson,2026,1.6,1.95,1,1.2,0.55,0.21,0.35,RB
Damien Williams,2023,1.56,1.61,1,1.0,0.0,0.15,0.05,RB
Dwayne Washington,2023,1.56,1.24,1,1.1,0.0,0.04,-0.32,RB
Melvin Gordon,2023,1.56,2.37,1,1.1,0.0,0.24,0.81,RB
Trayveon Williams,2024,1.52,1.37,1,1.1,0.0,0.09,-0.15,RB
Ty Johnson,2024,1.52,1.26,1,1.1,0.67,0.07,-0.26,RB
Salvon Ahmed,2024,1.52,1.8,1,1.2,0.0,0.33,0.28,RB
Royce Freeman,2024,1.52,1.39,1,1.0,0.07,0.17,-0.13,RB
Rashaad Penny,2024,1.52,1.51,1,1.0,0.0,0.03,-0.01,RB
D'Onta Foreman,2024,1.52,2.13,1,1.0,0.34,0.24,0.61,RB
D'Ernest Johnson,2024,1.5,1.65,1,1.4,0.22,0.18,0.15,RB
Jeremy McNichols,2026,1.49,1.75,1,1.2,0.56,0.41,0.26,RB
Rico Dowdle,2024,1.48,1.58,1,1.3,0.2,0.33,0.1,RB
Sony Michel,2023,1.45,1.6,1,1.0,0.0,0.1,0.15,RB
Corey Clement,2023,1.45,1.28,1,1.0,0.0,-0.01,-0.17,RB
Darrell Henderson,2023,1.45,3.18,1,1.3,0.0,1.26,1.73,RB
Craig Reynolds,2023,1.45,1.35,1,1.0,0.0,0.05,-0.1,RB
Royce Freeman,2023,1.45,1.62,1,1.0,0.0,0.11,0.17,RB
Marlon Mack,2023,1.45,1.44,1,1.1,0.0,0.07,-0.01,RB
Devine Ozigbo,2023,1.45,1.41,1,1.1,0.0,0.03,-0.04,RB
Benjamin Snell Jr.,2023,1.45,1.41,1,1.2,0.0,0.29,-0.04,RB
Jordan Wilkins,2023,1.45,1.3,1,1.0,0.0,0.09,-0.15,RB
Justin Jackson,2023,1.45,1.15,1,1.0,0.0,0.13,-0.3,RB
Darrel Williams,2023,1.45,1.86,1,1.1,0.0,0.23,0.41,RB
Boston Scott,2024,1.44,1.42,1,1.0,0.25,0.15,-0.02,RB
Khalil Herbert,2025,1.44,2.0,1,1.0,0.48,0.48,0.56,RB
Miles Sanders,2025,1.44,1.59,1,1.0,1.2,0.02,0.15,RB
Jeremy McNichols,2025,1.44,1.73,1,1.3,0.49,0.43,0.29,RB
Alexander Mattison,2025,1.44,3.12,1,1.4,1.2,1.06,1.68,RB
Matt Breida,2024,1.43,1.72,1,1.2,0.0,0.17,0.29,RB
Jaleel McLaughlin,2026,1.43,1.9,1,1.1,0.12,0.53,0.47,RB
Kareem Hunt,2024,1.43,2.42,1,1.3,0.0,0.46,0.99,RB
Craig Reynolds,2025,1.42,1.11,1,1.1,0.0,0.03,-0.31,RB
Michael Carter,2024,1.4,2.52,2,1.5,0.1,1.6,1.12,RB
Jerome Ford,2026,1.4,1.55,1,1.1,0.44,0.17,0.15,RB
Julius Chestnut,2026,1.4,0.85,1,1.1,0.1,0.02,-0.55,RB
Cam Akers,2024,1.39,2.12,1,1.2,0.0,0.72,0.73,RB
Rico Dowdle,2023,1.39,0.83,1,1.5,0.1,0.01,-0.56,RB
Ameer Abdullah,2025,1.35,2.33,1,1.2,0.0,0.53,0.98,RB
Jeff Wilson,2025,1.35,1.39,1,1.0,0.0,0.08,0.04,RB
Mike Boone,2025,1.35,1.31,1,1.1,0.0,-0.01,-0.04,RB
Jonathan Ward,2023,1.35,1.06,1,1.1,0.0,0.05,-0.29,RB
Mike Boone,2024,1.33,1.51,1,1.1,0.0,0.1,0.18,RB
Ke'Shawn Vaughn,2024,1.33,1.48,1,1.1,0.0,0.04,0.15,RB
Jonathan Ward,2024,1.33,1.37,1,1.2,0.0,0.01,0.04,RB
Craig Reynolds,2024,1.33,1.19,1,1.0,0.0,0.07,-0.14,RB
Joshua Kelley,2024,1.33,1.81,1,1.0,0.0,0.06,0.48,RB
Avery Williams,2025,1.32,1.29,1,1.3,0.4,0.15,-0.03,RB
Darrynton Evans,2025,1.31,1.39,1,1.1,0.02,0.03,0.08,RB
Devin Singletary,2026,1.3,2.1,1,1.2,0.0,0.62,0.8,RB
Tyrion Davis-Price,2024,1.3,0.93,1,1.4,0.22,0.01,-0.37,RB
Dameon Pierce,2026,1.29,1.23,1,1.1,0.25,0.08,-0.06,RB
J.J. Taylor,2023,1.26,1.17,1,1.1,0.0,0.0,-0.09,RB
Myles Gaskin,2025,1.26,0.98,1,1.0,0.0,0.02,-0.28,RB
Deon Jackson,2023,1.26,1.53,1,1.2,0.0,0.28,0.27,RB
Michael Carter,2025,1.26,1.46,1,1.1,0.0,0.12,0.2,RB
Larry Rountree III,2023,1.26,0.76,1,1.4,0.0,-0.02,-0.5,RB
Darrynton Evans,2023,1.26,1.2,1,1.2,0.0,0.07,-0.06,RB
Jonathan Ward,2025,1.26,1.39,1,1.1,0.0,0.02,0.13,RB
Trey Sermon,2023,1.26,1.13,1,1.3,0.0,0.36,-0.13,RB
Trey Sermon,2025,1.26,1.43,1,1.2,0.0,0.06,0.17,RB
"Anthony McFarland, Jr.",2023,1.26,0.91,1,1.6,0.0,0.13,-0.35,RB
Patrick Taylor,2023,1.26,0.85,1,1.3,0.0,0.01,-0.41,RB
Cam Akers,2025,1.26,2.37,1,1.2,0.0,0.48,1.11,RB
Clyde Edwards-Helaire,2025,1.26,1.36,1,1.0,0.0,0.28,0.1,RB
JaMycal Hasty,2025,1.26,1.65,1,1.3,0.0,0.15,0.39,RB
D'Ernest Johnson,2025,1.26,1.8,1,1.1,0.0,0.38,0.54,RB
Tony Jones,2023,1.26,1.18,1,1.2,0.0,0.02,-0.08,RB
DeeJay Dallas,2025,1.26,2.31,1,1.1,0.0,0.57,1.05,RB
DeeJay Dallas,2026,1.26,1.13,1,1.1,0.2,0.04,-0.13,RB
Ke'Shawn Vaughn,2025,1.26,1.31,1,1.1,0.0,0.02,0.05,RB
Patrick Taylor,2025,1.26,1.53,1,1.1,0.3,0.28,0.27,RB
Emari Demercado,2026,1.25,1.64,1,1.2,0.55,0.18,0.39,RB
La'Mical Perine,2024,1.24,1.32,1,1.1,0.0,0.05,0.08,RB
Darrynton Evans,2024,1.24,1.59,1,1.1,0.0,0.26,0.35,RB
"Anthony McFarland, Jr.",2024,1.24,1.1,1,1.1,0.0,0.01,-0.14,RB
Patrick Taylor,2024,1.24,1.41,1,1.0,0.0,0.12,0.17,RB
James Robinson,2024,1.24,1.38,1,1.2,0.0,0.03,0.14,RB
Tony Jones,2024,1.24,1.72,1,1.2,0.0,0.19,0.48,RB
Kene Nwangwu,2024,1.24,1.38,1,1.2,0.0,0.19,0.14,RB
Gary Brightwell,2024,1.24,1.79,1,1.2,0.0,0.83,0.55,RB
Deon Jackson,2024,1.24,1.28,1,1.1,0.0,0.07,0.04,RB
Jake Funk,2024,1.24,1.09,1,1.2,0.0,0.06,-0.15,RB
Kevin Harris,2023,1.24,0.67,2,1.5,0.0,0.01,-0.57,RB
Trey Sermon,2024,1.24,1.09,1,1.1,0.0,0.0,-0.15,RB
Cam Akers,2026,1.22,1.28,1,1.1,0.0,-0.0,0.06,RB
Elijah Mitchell,2026,1.22,1.52,1,1.0,0.0,0.31,0.3,RB
Ty Chandler,2026,1.22,1.01,1,1.0,0.0,0.17,-0.21,RB
Zonovan Knight,2026,1.2,1.48,1,1.2,0.02,0.17,0.28,RB
Julius Chestnut,2025,1.19,1.0,1,1.3,0.0,0.02,-0.19,RB
J.J. Taylor,2025,1.19,1.34,1,1.1,0.0,0.02,0.15,RB
Dameon Pierce,2025,1.19,1.93,1,1.2,0.0,0.23,0.74,RB
Ronnie Rivers,2025,1.19,1.53,1,1.1,0.0,0.15,0.34,RB
Raheem Blackshear,2025,1.19,1.26,1,1.0,0.0,0.01,0.07,RB
Tyrion Davis-Price,2025,1.17,1.1,2,1.3,0.0,0.01,-0.07,RB
Zonovan Knight,2023,1.17,0.92,1,1.5,0.0,-0.02,-0.25,RB
Ronnie Rivers,2024,1.16,0.99,1,1.1,0.0,0.01,-0.17,RB
Julius Chestnut,2024,1.16,0.93,1,1.6,0.0,-0.03,-0.23,RB
Zonovan Knight,2024,1.16,0.84,1,1.5,0.0,0.04,-0.32,RB
Raheem Blackshear,2024,1.16,1.23,1,1.0,0.0,0.07,0.07,RB
Keaontay Ingram,2024,1.16,1.11,1,1.2,0.0,0.11,-0.05,RB
Christopher Brooks,2024,1.15,0.74,2,1.4,0.0,-0.01,-0.41,RB
Jaret Patterson,2026,1.14,1.32,1,1.1,0.0,-0.02,0.18,RB
Chris Rodriguez Jr.,2025,1.11,1.11,1,1.2,0.0,0.06,0.0,RB
Tyler Goodson,2025,1.11,1.53,1,1.2,0.0,0.29,0.42,RB
Emanuel Wilson,2025,1.11,2.07,1,1.4,0.0,1.05,0.96,RB
Terrell Jennings,2025,1.1,0.97,2,1.5,0.0,0.01,-0.13,RB
Audric Estime,2025,1.1,0.83,2,1.5,0.0,-0.0,-0.27,RB
Jermar Jefferson,2025,1.1,0.75,2,1.1,0.0,0.01,-0.35,RB
Jordan Mims,2025,1.1,1.29,2,1.2,0.0,0.07,0.19,RB
Cody Schrader,2025,1.1,1.16,2,1.2,0.0,-0.01,0.06,RB
Kimani Vidal,2026,1.08,1.71,1,1.4,0.0,0.37,0.63,RB
Brittain Brown,2026,1.08,1.62,1,1.5,0.0,0.08,0.54,RB
George Holani,2026,1.08,1.47,1,1.1,0.0,0.03,0.39,RB
Emanuel Wilson,2024,1.08,0.98,1,1.1,0.0,0.09,-0.1,RB
Chris Rodriguez Jr.,2024,1.08,1.15,1,1.3,0.0,0.05,0.07,RB
Elijah Dotson,2024,1.08,1.24,1,1.2,0.0,0.05,0.16,RB
Tyler Badie,2026,1.08,1.56,1,1.5,0.0,0.19,0.48,RB
Josh Williams,2026,1.06,1.35,2,1.2,0.0,0.03,0.29,RB
Owen Wright,2026,1.06,1.26,2,1.1,0.0,0.01,0.2,RB
Aaron Shampklin,2025,1.04,1.03,1,1.3,0.0,-0.01,-0.01,RB
Kimani Vidal,2025,1.04,0.69,1,1.3,0.0,0.09,-0.35,RB
Jase McClellan,2025,1.04,0.69,1,1.5,0.0,0.02,-0.35,RB
Jashaun Corbin,2025,1.04,0.91,1,1.5,0.0,-0.04,-0.13,RB
Jordan Mims,2024,1.03,0.87,2,1.2,0.0,-0.02,-0.16,RB
Spencer Brown,2023,1.0,1.08,1,1.3,0.0,-0.0,0.08,RB
Jacob Saylors,2026,1.0,1.35,1,1.1,0.0,0.05,0.35,RB
Kendall Milton,2026,1.0,0.93,1,1.5,0.0,-0.01,-0.07,RB
Evan Hull,2024,0.94,0.73,1,1.4,0.0,0.02,-0.21,RB
Amar Johnson,2026,0.88,0.84,1,1.5,0.0,0.0,-0.04,RB
Jacardia Wright,2026,0.88,1.13,1,1.1,0.0,0.01,0.25,RB
Ulysses Bentley IV,2026,0.88,1.13,1,1.1,0.0,0.05,0.25,RB
Dalvin Cook,2024,0.56,1.96,1,1.1,0.0,0.13,1.4,RB
Pierre Strong Jr.,2025,0.46,2.35,1,1.2,0.0,0.49,1.89,RB
Malik Davis,2023,0.44,1.12,1,1.2,0.0,-0.0,0.68,RB
Leonard Fournette,2023,0.39,3.41,1,1.6,0.0,1.68,3.02,RB
Ke'Shawn Vaughn,2023,0.39,1.34,1,0.9,0.0,0.26,0.95,RB
Tyler Badie,2023,0.33,0.67,1,1.4,0.0,0.05,0.34,RB
Chris Collier,2025,0.3,1.07,1,1.3,0.0,-0.0,0.77,RB
Tyrion Davis-Price,2023,0.29,0.98,1,1.4,0.0,0.17,0.69,RB
Zander Horvath,2023,0.29,1.03,1,1.3,0.0,0.22,0.74,RB
Keaontay Ingram,2023,0.29,0.75,1,1.2,0.0,-0.01,0.46,RB
Jaret Patterson,2023,0.29,0.72,1,1.4,0.0,-0.03,0.43,RB
Demetric Felton,2023,0.29,1.01,1,1.2,0.0,0.15,0.72,RB
Snoop Conner,2023,0.29,0.69,1,1.3,0.0,0.0,0.4,RB
Zach Evans,2024,0.27,0.76,1,1.3,0.0,0.01,0.49,RB
Isaiah Spiller,2024,0.27,0.97,1,1.2,0.0,0.03,0.7,RB
Kevin Harris,2024,0.27,0.71,1,1.4,0.0,0.09,0.44,RB
Blake Watson,2025,0.25,0.92,1,1.2,0.0,-0.03,0.67,RB
Deuce Vaughn,2025,0.25,0.7,1,1.1,0.0,0.02,0.45,RB
Israel Abanikanda,2025,0.25,0.78,1,1.3,0.0,0.01,0.53,RB
Carson Steele,2025,0.25,0.88,1,1.6,0.0,0.02,0.63,RB
Sincere McCormick,2025,0.25,1.12,1,1.1,0.0,0.13,0.87,RB
Brian Robinson Jr.,2026,0.0,3.82,1,1.1,0.0,0.78,3.82,RB
Travis Homer,2026,0.0,1.45,1,1.0,0.0,0.24,1.45,RB
Michael Carter,2026,0.0,2.04,1,1.2,0.0,0.2,2.04,RB
A.J. Dillon,2026,0.0,1.26,1,1.0,0.0,-0.01,1.26,RB
Tyler Goodson,2026,0.0,1.12,1,1.2,0.0,0.01,1.12,RB
Ronnie Rivers,2026,0.0,1.26,1,1.0,0.0,0.04,1.26,RB
T.J. Hockenson,2023,22.11,13.62,4,2.2,29.29,7.58,-8.49,TE
George Kittle,2025,20.61,14.01,4,2.4,35.0,12.11,-6.6,TE
Trey McBride,2025,20.5,15.6,4,3.0,32.5,18.02,-4.9,TE
Travis Kelce,2024,20.2,13.61,2,2.4,17.0,9.31,-6.59,TE
Evan Engram,2023,18.42,12.2,3,2.5,24.0,9.68,-6.22,TE
Cole Kmet,2023,16.75,13.77,4,3.3,22.89,13.3,-2.98,TE
Kyle Pitts,2026,15.04,10.65,1,2.9,0.0,6.74,-4.39,TE
Pat Freiermuth,2024,14.27,10.43,4,2.4,11.6,6.97,-3.84,TE
Dalton Schultz,2024,14.15,13.19,3,2.3,23.5,8.06,-0.96,TE
Mark Andrews,2025,14.12,11.32,3,2.2,20.94,4.26,-2.8,TE
Jake Ferguson,2025,13.48,9.24,4,2.7,20.66,7.59,-4.24,TE
Isaiah Likely,2026,13.33,10.77,3,2.6,20.5,8.78,-2.56,TE
Jonnu Smith,2025,12.96,9.87,1,2.5,7.74,3.5,-3.09,TE
Dalton Schultz,2026,12.6,12.44,1,2.2,17.6,6.63,-0.16,TE
Evan Engram,2025,12.41,8.12,2,2.0,16.5,3.92,-4.29,TE
Noah Fant,2024,12.38,13.94,2,2.8,11.49,15.06,1.56,TE
Travis Kelce,2026,12.0,11.47,1,2.2,12.0,7.21,-0.53,TE
Dawson Knox,2024,11.6,6.16,3,1.7,12.75,1.63,-5.44,TE
Tyler Higbee,2023,11.39,12.56,2,2.3,11.08,5.87,1.17,TE
Juwan Johnson,2025,11.06,8.81,3,1.7,21.25,4.32,-2.25,TE
Dallas Goedert,2025,10.79,11.95,1,2.3,10.0,5.12,1.16,TE
Hunter Henry,2024,10.61,12.11,3,1.7,15.8,6.0,1.5,TE
T.J. Hockenson,2026,10.25,7.41,1,1.7,10.15,1.63,-2.84,TE
Jonnu Smith,2023,10.05,6.73,2,1.9,8.5,2.32,-3.32,TE
Cade Otton,2026,10.0,9.74,3,2.4,20.0,5.4,-0.26,TE
Hayden Hurst,2023,9.71,5.61,3,1.7,13.0,3.06,-4.1,TE
Josh Oliver,2023,9.38,2.61,3,1.7,8.2,1.17,-6.77,TE
Mike Gesicki,2025,9.17,8.2,3,2.2,6.5,4.23,-0.97,TE
Chigoziem Okonkwo,2026,9.0,11.94,3,2.6,16.7,10.42,2.94,TE
Colby Parkinson,2024,8.84,6.92,3,2.6,10.25,2.61,-1.92,TE
Dalton Schultz,2023,8.37,12.01,1,2.5,6.0,8.65,3.64,TE
Josh Oliver,2025,8.36,6.39,3,2.1,15.64,4.02,-1.97,TE
Charlie Kolar,2026,8.1,3.79,3,1.6,17.0,2.14,-4.31,TE
Juwan Johnson,2023,8.05,7.86,2,3.0,8.51,6.78,-0.19,TE
John Bates,2025,7.55,2.99,3,1.9,11.52,1.51,-4.56,TE
Gerald Everett,2024,7.08,8.42,2,1.7,6.06,8.65,1.34,TE
Noah Gray,2024,7.08,7.42,3,2.7,10.02,7.35,0.34,TE
Dallas Goedert,2026,7.0,10.6,1,2.0,7.0,7.73,3.6,TE
Daniel Bellinger,2026,7.0,6.5,3,2.5,14.01,6.55,-0.5,TE
Zach Ertz,2025,6.74,8.91,1,1.8,5.59,2.79,2.17,TE
Dawson Knox,2026,6.67,9.14,3,2.1,10.0,7.22,2.47,TE
Mike Gesicki,2023,6.03,8.64,1,1.9,3.55,7.81,2.61,TE
Adam Trautman,2026,5.67,2.94,3,1.7,9.5,1.15,-2.73,TE
Luke Farrell,2025,5.66,2.54,3,1.7,6.0,0.58,-3.12,TE
Tommy Tremble,2025,5.66,7.7,2,2.6,6.0,5.44,2.04,TE
Will Dissly,2024,5.5,6.86,3,1.9,1.0,3.54,1.36,TE
Foster Moreau,2023,5.46,10.05,3,2.7,8.02,7.96,4.59,TE
Austin Hooper,2025,5.39,7.76,1,2.0,4.0,4.3,2.37,TE
Jeremy Ruckert,2025,5.39,3.49,2,2.2,4.97,2.0,-1.9,TE
Durham Smythe,2023,5.19,2.82,2,1.3,5.5,0.77,-2.37,TE
Julian Hill,2026,5.0,2.45,3,1.8,7.5,0.89,-2.55,TE
Jonnu Smith,2024,4.95,11.08,1,2.0,3.96,6.49,6.13,TE
Brock Wright,2024,4.72,1.63,3,1.1,4.6,0.29,-3.09,TE
Charlie Woerner,2024,4.72,2.7,3,1.5,4.16,0.75,-2.02,TE
Ian Thomas,2023,4.46,5.72,2,2.2,4.0,2.46,1.26,TE
Adam Trautman,2024,4.42,5.31,2,1.6,5.0,3.09,0.89,TE
Noah Fant,2026,4.38,5.08,2,1.4,4.5,2.59,0.7,TE
Andrew Beck,2023,4.19,2.17,2,1.4,4.0,0.58,-2.02,TE
Drew Sample,2024,4.13,3.75,3,1.4,2.35,1.56,-0.38,TE
Chris Manhertz,2023,4.02,3.41,2,1.3,3.34,1.08,-0.61,TE
Jake Tonges,2026,4.0,4.53,2,1.5,5.5,0.51,0.53,TE
Harrison Bryant,2024,3.83,2.86,1,1.4,2.88,1.26,-0.97,TE
Pharaoh Brown,2024,3.77,2.46,1,1.2,2.69,0.3,-1.31,TE
Austin Hooper,2023,3.68,8.02,1,1.9,2.16,4.22,4.34,TE
Robert Tonyan,2023,3.55,5.89,1,1.9,1.25,2.59,2.34,TE
Austin Hooper,2024,3.54,4.1,1,1.5,2.41,1.97,0.56,TE
Zach Ertz,2024,3.54,2.37,1,1.2,1.96,0.22,-1.17,TE
Greg Dulcich,2026,3.25,5.17,1,1.7,2.91,0.72,1.92,TE
Austin Hooper,2026,3.25,4.6,1,1.5,2.74,1.97,1.35,TE
Tyler Conklin,2025,3.24,8.88,1,2.3,2.83,5.53,5.64,TE
Foster Moreau,2026,3.15,4.98,2,1.5,3.0,2.52,1.83,TE
Tyler Higbee,2026,3.0,6.96,2,1.5,4.0,3.48,3.96,TE
Durham Smythe,2026,3.0,1.9,1,1.2,2.0,0.4,-1.1,TE
Johnny Mundt,2025,2.97,3.26,2,1.3,2.26,1.61,0.29,TE
Noah Fant,2025,2.97,8.77,1,1.7,1.0,6.26,5.8,TE
Mike Gesicki,2024,2.95,4.64,1,1.3,0.4,1.37,1.69,TE
Eric Saubert,2025,2.7,1.72,1,1.2,0.79,0.17,-0.98,TE
Durham Smythe,2025,2.7,2.94,1,1.4,1.5,0.58,0.24,TE
Hunter Long,2025,2.7,2.06,2,1.4,3.0,0.28,-0.64,TE
Mo Alie-Cox,2026,2.69,2.28,1,1.2,2.19,0.05,-0.41,TE
Marcedes Lewis,2023,2.68,4.24,1,1.5,1.0,1.4,1.56,TE
Jordan Akins,2023,2.61,6.44,2,2.2,1.73,5.84,3.83,TE
Brevin Jordan,2024,2.48,2.91,1,1.7,0.85,1.78,0.43,TE
Brady Russell,2026,2.4,1.09,2,1.2,2.14,0.03,-1.31,TE
Mo Alie-Cox,2025,2.37,3.92,1,1.7,1.17,2.05,1.55,TE
Johnny Mundt,2024,2.36,2.57,1,1.6,0.75,0.68,0.21,TE
Marcedes Lewis,2024,2.36,2.69,1,1.2,1.0,0.61,0.33,TE
Irv Smith Jr.,2023,2.34,5.52,1,1.8,0.4,1.23,3.18,TE
Harrison Bryant,2023,2.34,5.07,1,2.2,1.75,2.01,2.73,TE
Ross Dwelley,2023,2.28,2.25,1,1.4,0.7,0.66,-0.03,TE
Geoff Swaim,2023,2.28,2.12,1,1.4,0.45,0.41,-0.16,TE
Eric Saubert,2023,2.26,2.07,1,1.3,0.85,0.3,-0.19,TE
Connor Heyward,2026,2.25,2.2,2,1.7,2.0,0.86,-0.05,TE
Andrew Ogletree,2026,2.25,1.74,1,1.2,1.5,0.26,-0.51,TE
Darren Waller,2025,2.16,8.27,1,1.8,0.0,2.64,6.11,TE
Adam Trautman,2023,2.01,3.81,1,2.1,1.5,2.29,1.8,TE
Quintin Morris,2026,2.0,1.23,1,1.1,1.7,-0.04,-0.77,TE
Josh Whyle,2026,2.0,1.51,1,1.1,0.37,0.05,-0.49,TE
Grant Calcaterra,2026,2.0,2.38,1,1.4,0.7,1.07,0.38,TE
Kylen Granson,2025,1.89,6.33,1,2.3,1.0,5.69,4.44,TE
Zach Gentry,2023,1.88,2.54,1,1.6,0.15,1.57,0.66,TE
Brevin Jordan,2025,1.86,1.61,1,1.3,0.2,0.36,-0.25,TE
Eric Tomlinson,2023,1.77,2.11,1,1.1,0.65,0.34,0.34,TE
Jimmy Graham,2023,1.77,6.05,1,1.5,0.15,2.11,4.28,TE
Blake Bell,2023,1.77,1.75,1,1.2,0.0,0.03,-0.02,TE
Tyler Kroft,2023,1.73,1.45,1,1.2,0.02,0.11,-0.28,TE
Donald Parham,2023,1.7,1.52,2,1.1,0.4,0.18,-0.18,TE
Kenny Yeboah,2024,1.68,1.57,1,1.3,0.22,0.23,-0.11,TE
James Mitchell,2026,1.66,1.53,1,1.5,0.59,0.35,-0.13,TE
Ko Kieft,2026,1.65,1.72,1,1.5,0.6,0.15,0.07,TE
Trevon Wesco,2023,1.65,2.14,1,1.4,0.35,0.83,0.49,TE
Albert Okwuegbunam,2024,1.65,2.36,1,1.6,0.72,0.92,0.71,TE
O.J. Howard,2023,1.65,3.04,1,1.4,0.45,0.78,1.39,TE
Drew Sample,2023,1.65,2.39,1,1.5,0.05,0.76,0.74,TE
Nate Adkins,2026,1.64,1.94,1,1.4,0.3,0.32,0.3,TE
Ian Thomas,2025,1.64,1.69,1,1.2,0.57,0.19,0.05,TE
MyCole Pruitt,2023,1.63,2.68,1,1.3,0.0,1.45,1.05,TE
Nick Vannett,2023,1.63,1.89,1,1.2,0.25,0.26,0.26,TE
Chris Manhertz,2024,1.62,2.17,1,1.3,0.12,0.37,0.55,TE
C.J. Uzomah,2024,1.62,4.45,1,1.3,0.72,1.5,2.83,TE
John FitzPatrick,2025,1.62,1.2,1,1.2,0.12,-0.04,-0.42,TE
Dan Arnold,2023,1.59,3.92,1,1.5,0.05,1.19,2.33,TE
Ross Dwelley,2025,1.53,1.82,1,1.2,0.0,0.1,0.29,TE
Ian Thomas,2024,1.53,2.48,1,1.3,1.3,0.69,0.95,TE
Chris Manhertz,2025,1.53,1.73,1,1.1,0.57,0.1,0.2,TE
Eric Saubert,2024,1.52,1.21,1,1.2,0.47,-0.07,-0.31,TE
Josiah Deguara,2024,1.52,2.61,1,1.4,0.02,0.74,1.09,TE
Irv Smith Jr.,2024,1.52,3.46,1,1.6,0.38,2.19,1.94,TE
Tanner Hudson,2024,1.52,3.77,1,1.1,0.17,0.28,2.25,TE
Ross Dwelley,2024,1.52,1.82,1,1.2,0.1,-0.01,0.3,TE
Johnny Mundt,2026,1.5,2.45,1,1.4,0.75,0.48,0.95,TE
MyCole Pruitt,2024,1.49,2.38,1,1.2,0.0,0.7,0.89,TE
Chris Manhertz,2026,1.49,1.86,1,1.2,0.26,-0.01,0.37,TE
Andrew Beck,2026,1.49,1.69,1,1.2,1.26,0.1,0.2,TE
Pharaoh Brown,2025,1.46,1.97,1,1.3,0.02,0.34,0.51,TE
Stone Smartt,2025,1.46,2.01,1,1.5,0.25,0.21,0.55,TE
Tommy Sweeney,2023,1.45,1.98,1,1.6,0.0,0.43,0.53,TE
Mason Schreck,2023,1.45,1.28,1,1.2,0.0,-0.11,-0.17,TE
Anthony Firkser,2023,1.45,1.63,1,1.2,0.0,0.2,0.18,TE
Tanner Hudson,2023,1.45,1.93,1,1.2,0.0,0.3,0.48,TE
Pharaoh Brown,2023,1.45,2.63,1,1.3,0.0,0.36,1.18,TE
Kenny Yeboah,2025,1.44,1.9,1,1.2,0.48,0.56,0.46,TE
Jack Stoll,2025,1.44,1.16,1,1.1,0.07,-0.01,-0.28,TE
Andrew Beck,2025,1.44,1.24,1,1.1,0.17,-0.02,-0.2,TE
Nick Vannett,2024,1.43,1.52,1,1.2,0.0,0.13,0.09,TE
Geoff Swaim,2024,1.43,1.93,1,1.4,0.0,0.22,0.5,TE
Logan Thomas,2024,1.43,8.44,1,1.9,0.3,2.16,7.01,TE
Lucas Krull,2026,1.43,1.17,1,1.2,0.1,-0.02,-0.26,TE
Kylen Granson,2026,1.4,1.58,1,1.2,0.62,0.12,0.18,TE
Tyler Davis,2023,1.39,1.84,1,1.3,0.0,0.29,0.45,TE
Mitchell Wilcox,2023,1.39,2.06,1,1.2,0.02,0.27,0.67,TE
Marcedes Lewis,2025,1.35,2.23,1,1.2,0.0,0.49,0.88,TE
Sean McKeon,2023,1.35,1.1,1,1.1,0.0,-0.05,-0.25,TE
Ben Ellefson,2023,1.35,1.87,1,1.3,0.0,0.06,0.52,TE
Chris Myarick,2023,1.35,1.64,1,1.2,0.0,0.2,0.29,TE
Tanner Hudson,2026,1.35,2.06,1,1.2,0.05,0.36,0.71,TE
Nick Vannett,2025,1.35,2.86,1,1.3,0.0,1.09,1.51,TE
Jordan Matthews,2025,1.35,1.35,1,1.2,0.0,-0.04,0.0,TE
Kaden Smith,2023,1.35,1.26,1,1.5,0.0,0.68,-0.09,TE
Kendall Blanton,2023,1.35,1.24,1,1.4,0.0,0.01,-0.11,TE
Tanner Hudson,2025,1.35,2.06,1,1.2,0.0,0.57,0.71,TE
Tyree Jackson,2023,1.34,1.07,2,1.2,0.0,-0.05,-0.27,TE
Hayden Hurst,2024,1.33,6.91,1,1.8,0.0,3.44,5.58,TE
Robert Tonyan,2024,1.33,2.59,1,1.3,0.15,0.6,1.26,TE
Jesper Horsted,2024,1.33,1.3,1,1.2,0.0,0.07,-0.03,TE
Ben Sims,2026,1.33,1.2,1,1.2,0.19,-0.13,-0.13,TE
Sean McKeon,2024,1.33,1.26,1,1.2,0.0,0.01,-0.07,TE
Kevin Rader,2024,1.33,1.34,1,1.1,0.0,0.01,0.01,TE
Jack Stoll,2026,1.32,1.26,1,1.1,0.0,-0.01,-0.06,TE
Jack Stoll,2024,1.3,1.71,1,1.2,0.33,0.31,0.41,TE
Tyler Conklin,2026,1.3,1.88,1,1.3,0.0,0.56,0.58,TE
Harrison Bryant,2025,1.29,2.16,1,1.3,0.78,0.39,0.87,TE
Stone Smartt,2026,1.29,1.68,1,1.2,0.22,0.39,0.39,TE
Mitchell Wilcox,2024,1.27,2.0,1,1.2,0.02,0.19,0.73,TE
Jody Fortson,2023,1.26,2.08,1,1.2,0.0,0.36,0.82,TE
Parker Hesse,2023,1.26,1.98,1,1.5,0.0,0.31,0.72,TE
Josiah Deguara,2025,1.26,1.49,1,1.2,0.0,0.09,0.23,TE
Stephen Sullivan,2023,1.26,1.95,1,1.5,0.0,0.21,0.69,TE
Shane Zylstra,2023,1.26,1.82,1,1.2,0.0,0.48,0.56,TE
Brock Wright,2023,1.26,2.74,1,1.3,0.0,1.53,1.48,TE
Miller Forristall,2023,1.26,1.06,1,1.2,0.0,-0.04,-0.2,TE
Quintin Morris,2025,1.24,1.43,1,1.1,0.36,0.1,0.19,TE
Stephen Sullivan,2024,1.24,1.78,1,1.3,0.0,0.53,0.54,TE
Albert Okwuegbunam,2026,1.22,1.58,1,1.2,0.0,0.13,0.36,TE
Shane Zylstra,2025,1.19,1.2,1,1.4,0.0,0.01,0.01,TE
Jelani Woods,2026,1.18,1.17,1,1.2,0.0,0.0,-0.01,TE
Brayden Willis,2025,1.17,1.11,2,1.2,0.0,-0.05,-0.06,TE
Jake Tonges,2023,1.17,0.85,1,1.2,0.0,-0.05,-0.32,TE
Noah Togiai,2023,1.17,1.09,1,1.2,0.0,-0.01,-0.08,TE
Tommy Hudson,2023,1.17,1.18,1,1.2,0.0,-0.09,0.01,TE
Teagan Quitoriano,2024,1.16,1.67,1,1.5,0.0,0.5,0.51,TE
David Wells,2024,1.16,1.42,1,1.1,0.0,0.06,0.26,TE
Peyton Hendershot,2024,1.16,1.3,1,1.3,0.0,0.01,0.14,TE
Quintin Morris,2024,1.16,1.28,1,1.1,0.0,0.05,0.12,TE
Nick Muse,2024,1.16,1.81,1,1.9,0.0,0.36,0.65,TE
John FitzPatrick,2024,1.16,1.66,1,1.4,0.0,0.36,0.5,TE
Rodney Williams II,2024,1.15,0.89,2,1.2,0.0,-0.03,-0.26,TE
Blake Whiteheart,2026,1.14,1.27,1,1.2,0.0,0.04,0.13,TE
Blake Whiteheart,2025,1.11,1.19,1,1.2,0.0,-0.04,0.08,TE
Greg Dulcich,2025,1.11,1.47,1,1.3,0.0,0.09,0.36,TE
Josh Whyle,2025,1.11,6.18,1,2.1,0.0,2.7,5.07,TE
Lucas Krull,2025,1.11,1.86,1,1.2,0.0,0.52,0.75,TE
Tucker Fisk,2025,1.11,1.44,1,1.2,0.0,-0.01,0.33,TE
Zach Davidson,2025,1.1,1.14,2,1.2,0.01,0.02,0.04,TE
Cam Grandy,2026,1.08,1.65,1,1.2,0.0,0.22,0.57,TE
Jack Westover,2026,1.08,1.11,1,1.2,0.0,-0.0,0.03,TE
Tucker Fisk,2024,1.08,1.23,1,1.3,0.0,0.06,0.15,TE
Brenden Bates,2026,1.08,1.23,1,1.1,0.0,0.04,0.15,TE
Zaire Mitchell-Paden,2026,1.06,1.22,2,1.1,0.0,-0.0,0.16,TE
Cam Grandy,2025,1.06,1.18,1,1.1,0.0,-0.03,0.12,TE
Jelani Woods,2025,1.04,7.75,1,3.1,0.0,3.76,6.71,TE
Brenden Bates,2025,1.04,1.1,1,1.2,0.0,0.02,0.06,TE
Cole Fotheringham,2024,0.94,1.34,1,1.2,0.0,0.06,0.4,TE
Baylor Cupp,2025,0.91,0.96,1,1.2,0.0,-0.03,0.05,TE
Drake Dabney,2026,0.88,0.83,1,1.2,0.0,-0.04,-0.05,TE
Sal Cannella,2026,0.88,1.16,1,1.1,0.0,-0.22,0.28,TE
Andrew Beck,2024,0.6,2.61,1,1.4,0.0,0.85,2.01,TE
Donald Parham,2024,0.45,5.67,1,1.9,0.0,3.29,5.22,TE
Zach Ertz,2023,0.39,7.17,1,1.8,0.0,2.06,6.78,TE
Stephen Anderson,2023,0.39,1.46,1,1.2,0.0,-0.05,1.07,TE
Devin Asiasi,2023,0.39,1.48,1,1.3,0.0,-0.0,1.09,TE
Trevon Wesco,2024,0.36,1.81,1,1.3,0.0,0.32,1.45,TE
E.J. Jenkins,2025,0.34,1.39,1,1.1,0.0,-0.02,1.05,TE
Jordan Akins,2025,0.34,5.31,1,1.5,0.0,2.53,4.97,TE
James Mitchell,2024,0.32,1.73,1,1.6,0.0,0.76,1.41,TE
Tyler Mabry,2023,0.29,1.28,1,1.2,0.0,0.03,0.99,TE
Tre' McKitty,2023,0.29,1.64,1,1.5,0.0,0.46,1.35,TE
Cole Turner,2024,0.27,1.51,1,1.2,0.0,0.09,1.24,TE
Armani Rogers,2024,0.27,1.64,1,1.3,0.0,0.18,1.37,TE
Jaheim Bell,2025,0.25,0.84,1,1.3,0.0,-0.05,0.59,TE
Ian Thomas,2026,0.0,2.03,1,1.2,0.0,0.16,2.03,TE
Feleipe Franks,2026,0.0,1.69,1,1.2,0.0,0.14,1.69,TE
